"x.1","x.2","y"
1.44393876105631,0.131417455280886,"yes"
0.372662765797774,-0.878250830963248,"yes"
1.90182286038314,-2.51464192291245,"yes"
1.01932369328007,-0.226231799054676,"yes"
1.98055829360958,-2.89408304358564,"yes"
1.89759796487975,-0.13632493046389,"yes"
-0.1035561411654,-0.893761211252643,"yes"
0.994292868285218,0.101927945116591,"yes"
2.66009628153532,-2.3931862414644,"yes"
0.105112816766391,-0.246228557120282,"yes"
-0.118681304947439,-0.268214601283519,"yes"
1.83356994821611,-2.10700521215842,"yes"
1.2974676311858,0.160834663802274,"yes"
1.80379465889526,0.500210961316478,"yes"
-0.978865166655663,-0.04941841235965,"yes"
1.33278867956869,0.725282978939537,"yes"
1.45568623539809,0.532133835006957,"yes"
1.24740101459121,-0.37326910325868,"yes"
-0.332531847678349,0.0857902837804608,"yes"
0.478178608066757,-1.25377069276984,"yes"
1.04742120475953,-1.01862785089654,"yes"
-0.443441579099018,-0.112994006217022,"yes"
2.50298528259486,-2.91690901457272,"yes"
-0.416692578111505,0.417190768363142,"yes"
2.03599797069223,-2.23354081837691,"yes"
-0.163359540330908,-0.738967443742593,"yes"
1.32234015169922,-2.72231298163177,"yes"
1.94263796607403,0.619125592387311,"yes"
-0.168924160228601,-0.140101056572442,"yes"
1.18010739069553,0.0515212672499709,"yes"
-0.183128529962872,0.619607393153624,"yes"
0.569351990048426,-1.16624398843993,"yes"
0.0401482526649148,0.450907196614848,"yes"
0.802355437114043,-0.743686502946243,"yes"
-0.734493978365922,0.239608806323472,"yes"
1.56453099045272,1.20330380537514,"yes"
2.05328714737526,-2.15471987066501,"yes"
-0.244302183659337,1.24179962908474,"yes"
2.68279868318354,-2.44958740979961,"yes"
0.368283198718578,-0.556329863398427,"yes"
0.486196767189403,-1.14275617937097,"yes"
1.4652149991489,0.19489745977087,"yes"
-0.697302246657601,0.637185996310051,"yes"
1.72278486665096,0.252024850588046,"yes"
0.362141383087929,0.191320985253344,"yes"
0.308689058583331,-1.31653278471427,"yes"
2.07355123671737,-2.40695968850631,"yes"
2.11463631913869,-2.14661235982607,"yes"
0.198378269923734,0.423851698742171,"yes"
0.879435054761807,-0.413576207685731,"yes"
-1.51761716592028,0.115191892156131,"yes"
0.690429580459507,-1.39075403426293,"yes"
-0.636681650275081,0.399847913933991,"yes"
-0.404476245435603,-0.496915650397723,"yes"
0.198044852390306,-0.0986056772064797,"yes"
1.60190470212619,0.690500246536356,"yes"
2.76477319625937,-2.25779150414221,"yes"
0.0906042497087121,0.787517085470162,"yes"
1.90270201126556,-3.08608724818351,"yes"
0.489180295389476,0.0463350493594425,"yes"
-0.835972238271305,0.730068260771819,"yes"
1.40223335833144,0.550545337595412,"yes"
1.9282644409935,-1.88200281945783,"yes"
2.72134331627455,-1.64319276664677,"yes"
-0.639700509509736,0.616992194571422,"yes"
1.91620404872294,-2.78549176247487,"yes"
-0.0326993593532316,0.269401438873516,"yes"
0.147004257902679,1.07901394064078,"yes"
1.89275857443894,0.194935826685211,"yes"
-0.144624595371206,0.909451840758459,"yes"
0.950484499995052,-1.2553677254496,"yes"
0.216190578309959,0.125146713786359,"yes"
0.155877303505584,-1.38251043724003,"yes"
-0.346504918145463,0.585405793947713,"yes"
2.72631427370409,-2.28357655980276,"yes"
0.402877980515199,-0.980525211425939,"yes"
0.862100031229444,-1.37356223810565,"yes"
2.19625294048769,-1.88881446345604,"yes"
0.267808682795724,0.46394871033322,"yes"
-0.0945659059762646,-0.913832110014714,"yes"
0.103047895616947,-1.19208270218946,"yes"
0.45344563856627,-0.343119445402557,"yes"
-0.658646782637132,-0.550876453087413,"yes"
0.344914953896173,-1.2340049422689,"yes"
1.77348309792864,0.796022550311016,"yes"
2.12747089652478,-2.75697471317786,"yes"
1.769217406954,-3.06894676238551,"yes"
2.27028601632581,0.436471978603395,"yes"
1.09169588236444,-0.460351420103923,"yes"
1.89238007450646,-2.59127516725258,"yes"
-0.191586727104683,0.176106781546074,"yes"
0.815652621737814,-1.23340251867401,"yes"
0.300063399994299,0.744695967063531,"yes"
1.69290499186119,0.684540508417369,"yes"
0.500371246941129,-0.613140514723613,"yes"
0.967323385590959,0.215654998799338,"yes"
-0.0125632677465556,-0.964222049585547,"yes"
1.49471137785277,0.775303755013658,"yes"
0.661860863640115,0.0999029791620369,"yes"
0.702672834963322,-0.32819582158676,"yes"
1.91991569062679,0.242888395006189,"yes"
0.771540148313102,-0.687220049986835,"yes"
2.13773930329106,-2.74970496779099,"yes"
1.69207843736021,0.534556254790785,"yes"
1.92575375818448,-1.93314506393441,"yes"
0.869041435860792,-0.155962202364141,"yes"
-0.742434094383105,-0.947924142843081,"yes"
1.84826906547377,0.172731350014465,"yes"
0.6182524776281,-0.808236795049029,"yes"
1.92437004911581,0.188368023305785,"yes"
1.40327468338082,0.66031033351777,"yes"
2.65358954796468,-2.42502482373073,"yes"
-0.0771922393220137,-0.323110732307022,"yes"
0.718656580926718,-0.797545244666445,"yes"
2.37034811195671,-2.52935516255465,"yes"
1.18926239520268,-0.952569963867058,"yes"
0.479434935292957,-0.593893020186537,"yes"
0.814027054229258,-1.23369867999118,"yes"
2.17453790330143,-2.08874236663351,"yes"
0.87223648124621,0.607894839110332,"yes"
1.16356833352859,1.14503950094741,"yes"
1.74436468870689,-0.265447446184149,"yes"
1.8402413414277,0.60343259490954,"yes"
1.83340911167096,-2.50472042975252,"yes"
-0.775985021702925,0.450141724709568,"yes"
-0.307509783995879,-0.609359276722427,"yes"
1.6326854089757,0.543346065280256,"yes"
0.177168241242674,0.300035041694714,"yes"
1.46813919556653,-1.27440144561775,"yes"
2.77275485236434,-3.06770892661465,"yes"
-0.0565305269464508,-0.949732546871689,"yes"
0.748862560615978,1.17003116482699,"yes"
0.887546218340921,0.0666171653644595,"yes"
1.15680674159972,0.544336076020663,"yes"
2.58465293336425,-1.87141436293427,"yes"
0.675760820346352,-0.475906125398525,"yes"
0.908490596274054,0.644551769432521,"yes"
1.34929982808688,0.21334360496079,"yes"
0.497813207721565,-0.0362480451807371,"yes"
2.19305880003652,-2.11491949657585,"yes"
1.89921538937191,0.670319411832328,"yes"
2.96688989238795,-2.14662649711427,"yes"
0.206805067384274,-0.500787303262905,"yes"
0.0921779463976656,-0.70219607796565,"yes"
0.392810457903271,-0.871466967632987,"yes"
-0.31377130409078,0.300401950008462,"yes"
-0.455214882981169,-0.735196255250996,"yes"
0.426614803151445,-0.766852576138568,"yes"
0.803434180735958,-2.52959762921281,"yes"
0.4781245051865,-0.578455918596255,"yes"
0.153042274090893,-0.402787710043339,"yes"
0.0283647036168256,-0.57730983760739,"yes"
0.162212995045421,0.705655674200406,"yes"
0.792802913728511,-1.04751390472395,"yes"
0.424391440155076,-0.333224089827196,"yes"
0.708769550831498,-0.734907020790023,"yes"
1.00761455873334,-1.17037181181082,"yes"
0.436558118392331,0.0354206648607804,"yes"
0.323838653480256,-0.829664733881609,"yes"
0.359665777040261,0.0051986818183416,"yes"
0.485824380364089,-0.516561082850942,"yes"
1.12447290032964,0.318913576063143,"yes"
1.38266724812988,-2.16252503306108,"yes"
0.804409154053966,-1.14472830142437,"yes"
1.60861598007607,0.653160497567122,"yes"
0.512610246569979,-0.514672804972117,"yes"
2.81560555869248,-2.19677241013818,"yes"
2.05603435210651,0.707756835688126,"yes"
2.30237891410588,-2.58707563055578,"yes"
1.63895838146371,-0.91678839132182,"yes"
1.20664671727073,0.677078040753983,"yes"
2.26743211548959,-2.02202868627046,"yes"
-0.616232457901801,0.216078204083207,"yes"
1.1293053970345,-0.76259921809252,"yes"
1.2698314487599,0.778955589466814,"yes"
0.164520843653358,-0.382668636866957,"yes"
0.614193602341241,-0.506584007369818,"yes"
-0.286576098382719,-0.701889664462797,"yes"
2.33888951031704,0.378195219553189,"yes"
0.728195089263075,-1.30359753575904,"yes"
0.717740663253539,0.823308532411652,"yes"
0.441092898241033,-0.413238628868315,"yes"
2.46281484722209,-2.19770020254959,"yes"
1.92067723276728,-1.56339367564173,"yes"
-0.656580241596824,0.224908791022606,"yes"
1.72808945789002,0.0219587929972987,"yes"
0.930151839839559,-0.941088773417505,"yes"
2.63413300930947,-2.35611635551741,"yes"
1.10037553001217,-0.0934405661890939,"yes"
0.815070954225082,0.439395533226715,"yes"
-0.471973845412338,-1.24409210883154,"yes"
2.30687151444451,0.426309558235733,"yes"
0.400080673184177,1.01488090446216,"yes"
0.488983125328662,-0.888418640193835,"yes"
1.51697686857541,0.810044640965979,"yes"
2.44271509904393,-3.24692279956462,"yes"
0.446456170109872,-0.27244671784157,"yes"
2.00840660046972,-2.24473497398985,"yes"
1.82821995340264,0.440041307519808,"yes"
1.12299682886643,-0.687620299959481,"yes"
0.715508524800362,0.42235302895437,"yes"
2.33829502810471,-2.27294538990874,"yes"
1.47087172050763,-3.18822687913401,"yes"
0.394828492680988,-0.239258850683774,"yes"
0.118920449375932,-0.721135419718226,"yes"
1.68884744550642,0.941921931204874,"yes"
0.687976788748761,-0.436939851206723,"yes"
0.728786541702173,0.278814076073785,"yes"
0.819381973111827,-0.687956888857284,"yes"
0.0237050576876159,-0.403965734675666,"yes"
1.38710248218528,1.0714717639665,"yes"
1.41391523828412,0.332461424532329,"yes"
1.96796223483954,-2.73809834649001,"yes"
2.66257719200765,-2.2718234486846,"yes"
-0.476828154545374,0.455690325768412,"yes"
1.81325975719975,0.317370900102397,"yes"
1.94782239205591,-2.37216738740819,"yes"
-1.10233020829098,0.34694252297757,"yes"
1.44815909561082,0.388868399902911,"yes"
0.972433180056415,0.982498072876125,"yes"
0.230907157032566,-0.82952807968015,"yes"
0.737801587815858,0.0127531672588789,"yes"
1.13005601076777,0.574872557160541,"yes"
1.95681016793423,-2.56603824869444,"yes"
-0.023810345922115,0.380000565118159,"yes"
-0.687652942677682,-0.340061311992408,"yes"
0.692798078719872,-0.92205364554855,"yes"
-0.634344825719959,0.830282770318155,"yes"
-0.173084603492638,0.0361249020529443,"yes"
0.771196803510804,0.0366690710900787,"yes"
2.52499575016734,-2.79815331706796,"yes"
0.154235620296492,-0.404987657712442,"yes"
1.47413275923897,-2.51651821585666,"yes"
0.418868131705326,-0.575887733806335,"yes"
-0.107143733995018,0.3593507975026,"yes"
1.82744050532081,0.482321441615765,"yes"
0.0644241693123976,-0.944163687042587,"yes"
1.33536276138107,0.523760882395407,"yes"
2.74676012779657,-2.09227962048963,"yes"
2.88476584330271,-1.84748035755544,"yes"
2.88677569723457,-2.95594252238755,"yes"
1.11274790951889,0.257277969712888,"yes"
0.296875520073006,-1.05827034232796,"yes"
0.630319104724173,-1.110634901363,"yes"
0.189370447726959,-0.795646745940224,"yes"
1.91698708763756,-2.615993591244,"yes"
1.96717947186729,0.849906455352515,"yes"
2.19103499477792,-2.97851752547341,"yes"
1.73728383168511,-0.128475624950901,"yes"
0.987357934299484,-1.7358907909531,"yes"
0.325687354527364,-0.203114782023407,"yes"
1.60262283921014,0.778468465338564,"yes"
0.699635950923602,-1.08463868986945,"yes"
1.97229346873215,-2.75993796412578,"yes"
0.911576115313705,-1.41599684623399,"yes"
0.299762764666177,-0.183459731840363,"yes"
0.33237212719989,0.102166541476062,"yes"
0.169261440406127,-0.109740482084122,"yes"
0.398481870639965,-0.541474967279102,"yes"
2.20479147645018,-2.58189826148443,"yes"
1.80847736539648,-2.46303425843256,"yes"
0.843562059596275,-0.387543898541154,"yes"
1.15922246769998,0.530797265941847,"yes"
0.981616633173282,0.166988011946273,"yes"
0.162105591884374,-1.47889392664817,"yes"
0.53138140130075,0.849516884961496,"yes"
-0.0256037734584096,-0.0945254065337909,"yes"
0.864012512161663,-0.0802595621673367,"yes"
0.288723542474239,1.0204656025473,"yes"
0.974390775950445,-0.478609253513446,"yes"
0.201617809852218,-1.3826853582921,"yes"
0.0318326976444646,-0.831372867310145,"yes"
0.487323521747425,0.217040367305316,"yes"
1.8704321250111,0.168454283651618,"yes"
0.492915145045273,0.255046532150524,"yes"
-0.157412202505848,0.490066358147291,"yes"
-0.627001061798,-0.0687344825308706,"yes"
1.23970358377549,1.29891170524106,"yes"
2.27520043025782,-2.38794604840386,"yes"
-0.0638086577688212,-0.929140015296646,"yes"
-0.0315227452714927,0.116154105181707,"yes"
0.0384293218000287,-1.31328817890783,"yes"
1.98609373899896,-2.19265221368905,"yes"
0.226697507892666,-0.319803558338603,"yes"
1.72627698692455,-3.26105285496808,"yes"
2.13365981372858,-2.02544787975232,"yes"
1.54277087709006,1.05557504827415,"yes"
0.0538404537472927,0.0148590610442308,"yes"
1.07222845606429,-0.34834001497718,"yes"
0.694013705675526,-1.30229495769724,"yes"
0.313757747594284,-1.09308154276638,"yes"
0.40310728498241,-0.279635435748855,"yes"
0.230933908469415,-0.86087940451669,"yes"
0.143540915444281,-0.432615393893681,"yes"
0.816726350738478,0.0912564263294177,"yes"
2.21898161233054,-2.30971089591612,"yes"
2.64200330943684,-2.89776012319373,"yes"
-0.403423507173081,-0.662432145916304,"yes"
1.1594777685443,-0.405111385995379,"yes"
1.14254981123085,0.392991428643477,"yes"
0.375250516850249,-0.0871302207873714,"yes"
2.10161271071305,-2.1609992529195,"yes"
1.74198285323466,0.814539780624786,"yes"
-0.311772510860703,-0.559078164593251,"yes"
1.67115995785935,-2.35986926343601,"yes"
1.22230594603781,-2.24985847420037,"yes"
-0.656532794045987,-0.697028383603448,"yes"
-0.322726670460439,-1.18199811023034,"yes"
0.681753234521269,-0.751207891832672,"yes"
0.0993086184135223,0.0395516390283172,"yes"
2.16573810579813,-2.161626296063,"yes"
0.387220476750894,-1.04156591622967,"yes"
0.297898145765257,1.02338850683713,"yes"
1.32823031905923,-0.147472239639409,"yes"
0.351827521434917,-0.947145849415416,"yes"
0.299000211335729,-1.00759545273953,"yes"
1.40610721128164,-0.376145981660114,"yes"
0.430281466091267,-0.441382435971391,"yes"
1.00410636956311,-0.279764571655001,"yes"
0.264280742931071,-1.94264914588235,"yes"
0.540920058323876,0.586252508396641,"yes"
0.992344443353949,0.512824101244766,"yes"
1.35513133220683,-0.236414097678423,"yes"
1.69159337907374,-1.91377172885717,"yes"
-0.0813510014332559,-1.22607220687897,"yes"
0.102336147174148,-0.341283275148092,"yes"
0.339905750218567,-0.298736554052584,"yes"
2.42943655914289,-2.51566874269394,"yes"
-0.0691555231864289,-0.81396600173312,"yes"
0.264915034409854,0.0986698547210481,"yes"
0.20302069472677,-1.02896119699406,"yes"
2.38977065301004,-2.64245899389716,"yes"
0.427520271509606,-0.667955575048023,"yes"
1.24832754642823,-0.0358099287415243,"yes"
2.22430441871465,-2.47085573315693,"yes"
1.18113449957426,-2.22513836995682,"yes"
0.484202456730757,-1.29740119163354,"yes"
-0.442246212857759,0.199111129599189,"yes"
1.1801918437488,0.752850003365929,"yes"
-0.279571624081865,-0.973404557684849,"yes"
1.88325613708442,-1.69996313208823,"yes"
2.01500943740856,-2.8026242890618,"yes"
0.48095883782025,0.17404420352836,"yes"
0.0397621054496685,0.779110786749696,"yes"
2.26759544411745,-1.76420307047835,"yes"
-0.560776494986083,0.992353595857727,"yes"
-0.389965745686427,-0.982827500903809,"yes"
-0.469338929249798,0.3816790029176,"yes"
0.223815339114067,-0.629262670794861,"yes"
0.623390880245978,-0.5864420012779,"yes"
1.08823676511994,-1.18403825492036,"yes"
0.859046038506877,-0.665351756311853,"yes"
0.0661003189774628,-1.34134566582806,"yes"
0.0455591988493279,-0.680562586942402,"yes"
-1.07476945907286,0.116417684655055,"yes"
0.663674422957707,-1.47050784676733,"yes"
1.42695686457819,-0.0953803112232746,"yes"
1.40601081850334,0.906244885678081,"yes"
-1.18193873836833,1.30889002750506,"yes"
1.56220734153077,-1.92512474682651,"yes"
1.35506254004989,-0.968722790751495,"yes"
1.12705241197374,0.962951808685008,"yes"
0.0596613913032221,-0.974669260568799,"yes"
1.13235807791096,0.243345380713999,"yes"
1.32759147910094,1.52619938418408,"yes"
0.644315888270538,0.246740758043402,"yes"
0.0612911679634022,-0.84772078562527,"yes"
0.419941335142329,0.518932011136664,"yes"
0.712493780190467,-0.55232030761792,"yes"
1.5109109113543,0.287585530278438,"yes"
0.932953342349741,-0.692446305760698,"yes"
1.3263360064015,-0.627625013218988,"yes"
0.877544055437313,-0.230118743340078,"yes"
2.06344298685673,-3.13616164066068,"yes"
0.162911400452579,-0.624725272261331,"yes"
1.96729581424288,0.599191176520406,"yes"
1.80439921846559,0.927796842558716,"yes"
0.885037260163607,-0.212311141146912,"yes"
-0.292674535528082,0.735684614922399,"yes"
1.20362976654834,0.661931680801299,"yes"
0.197461117687913,-0.332942262213237,"yes"
0.659595480966861,-0.937254871790474,"yes"
2.09665401599557,-2.15173409824194,"yes"
-0.712893164215624,0.733894300773933,"yes"
0.55597112431187,-0.644719418820927,"yes"
-0.282833196557626,-0.562634776001539,"yes"
0.127587401886012,0.161108923307725,"yes"
1.70561926110711,1.42192114412835,"yes"
1.56763003784192,-1.74064391161849,"yes"
1.92008034986201,-2.37177493456837,"yes"
0.187244873156117,-0.76956804662173,"yes"
-0.0890980159491501,-0.490175198831717,"yes"
1.6405958533415,0.4226392800137,"yes"
-0.288618914523488,-1.07015715022402,"yes"
2.26905642360714,-2.66801321866584,"yes"
0.161374846590109,-1.06970478095056,"yes"
2.34894862995519,-2.64472213110373,"yes"
1.85229278643807,-0.436992828824183,"yes"
0.351028253836657,-0.545551176532963,"yes"
1.10833748985637,0.631874083348075,"yes"
0.438804564296956,-1.66358328643327,"yes"
-0.388878463296952,-0.621171659741649,"yes"
-0.611353155323988,-0.716712585684363,"yes"
2.16933693497105,-0.237595493107922,"yes"
0.567355114441402,-0.187956561841862,"yes"
1.65807430121705,1.08112892839941,"yes"
0.0028622492680222,-0.60722471205925,"yes"
0.507135309082804,0.0571584272077178,"yes"
1.53762679099847,-0.495353585966258,"yes"
0.282964238535232,0.0973319126711298,"yes"
1.92386031869145,-2.59291211448034,"yes"
-0.180569028797562,-0.513833719591447,"yes"
0.418111800225678,-0.567207802745659,"yes"
0.339433321045111,-1.29949985926253,"yes"
0.367820578232444,0.276335292951147,"yes"
0.626743742742037,-0.423740387176886,"yes"
2.55686707277689,-1.54426666516241,"yes"
1.19036165274725,-0.73957274053307,"yes"
1.39367099724942,0.343616714030832,"yes"
-0.296951421493491,0.479248656536928,"yes"
1.86980459602827,-2.86693640907955,"yes"
0.328689008382819,-0.241652061483435,"yes"
2.91307156310132,-2.52602831355901,"yes"
1.79895616275435,0.448305008145081,"yes"
-0.261414225380438,-0.024114937934522,"yes"
-0.912962803802925,1.08334230673138,"yes"
1.78739501955487,-0.295469260719108,"yes"
1.9290707989614,-1.65058648733098,"yes"
0.472885064800851,-0.460539249205325,"yes"
1.80891098139527,0.949027493075001,"yes"
0.0735975479560653,0.463119252313437,"yes"
2.74405397901114,-1.58119855004861,"yes"
-0.104940230730726,0.184356543000082,"yes"
0.440979747792126,-0.73363709938203,"yes"
1.78138927967966,-2.05850487769769,"yes"
-0.141106219020497,0.105489711877753,"yes"
0.318505788149245,0.583349731363221,"yes"
1.40278195314863,0.750884002400046,"yes"
0.241690664410465,0.527756393807312,"yes"
-0.271563314259818,0.287892449432648,"yes"
1.93184730398715,0.818110130890044,"yes"
1.51002897281078,0.430207200564832,"yes"
0.320375908563173,-1.15257528258109,"yes"
2.36616609956525,-2.14567240956261,"yes"
-0.673975462758322,0.193672586897886,"yes"
0.368628229172187,0.847220870130162,"yes"
-0.120859921817465,-0.1879567552864,"yes"
0.481980453546343,-0.372882729597982,"yes"
0.0352020532621821,-0.639243973167365,"yes"
-1.12761588904335,-0.0531167540539695,"yes"
1.29199910610928,1.08896197848801,"yes"
-0.0481870403253081,-0.411698486641904,"yes"
0.475785233288792,-1.49976537949879,"yes"
2.21078969298331,-1.63878741799603,"yes"
0.845658818337617,-0.0406408736692787,"yes"
1.98887346459016,-1.91733912212636,"yes"
-0.63499825880522,-1.10710614456504,"yes"
-0.285260130501002,0.325957101725383,"yes"
0.656433894825983,-0.223907147409406,"yes"
1.22343155362713,0.290672660808016,"yes"
0.269059367180967,-0.79786123588194,"yes"
0.379779258787571,-0.497584497262191,"yes"
0.642763040104274,-1.08652798084204,"yes"
-0.516724176349262,0.230716532729011,"yes"
0.332239651102527,-0.00134055672825861,"yes"
-0.579821711403226,-1.32537909721825,"yes"
0.703064769102675,-0.250325268075385,"yes"
0.144416311141125,-0.983387883986386,"yes"
0.596537569128589,-0.213959403472014,"yes"
1.22029047258994,-0.404890007444244,"yes"
2.55382602195289,-2.58105762473475,"yes"
-0.0654262751772073,-0.711930768760526,"yes"
0.623962131086591,-1.08017232107594,"yes"
1.03692238780512,1.08743204770857,"yes"
-0.804894961174275,0.916605887952495,"yes"
0.159305191412402,-1.38859483578504,"yes"
1.40032486511358,-0.377237507108279,"yes"
-0.685276984224809,0.109659306045744,"yes"
0.0698156944966259,-0.405704624643557,"yes"
2.1443406909337,-2.9004892331471,"yes"
0.550249583998917,-1.19149118982227,"yes"
2.36762905833822,-2.07631194186305,"yes"
2.06922084936352,-2.69886512351966,"yes"
0.225162825255565,-1.34298386996016,"yes"
1.80190104376133,1.11159363781489,"yes"
0.457941198470612,-0.739380175057606,"yes"
-0.300532886978028,0.375127518770884,"yes"
0.630777834430177,0.394474791532793,"yes"
1.02215357476082,-0.435836187388583,"yes"
1.46917148227872,-2.87812327901477,"yes"
1.64893625055638,-2.39025412850266,"yes"
0.375737842317403,-0.0134662239683732,"yes"
0.688589988232236,0.0384299965228043,"yes"
-0.352998560196375,-0.317157270622189,"yes"
-0.406503713915713,-0.545083219196114,"yes"
0.0689009904644339,-1.33510906960046,"yes"
0.558221170979335,-0.297347620805972,"yes"
-0.14419358153233,-0.0882054482863938,"yes"
0.633935346681489,-0.442020403820896,"yes"
1.54738670112005,0.699439959970095,"yes"
2.51967935537143,-2.58236048029812,"yes"
0.445728328424941,0.703192139756187,"yes"
-0.0510204815502646,-0.757917708410297,"yes"
1.44136387327143,-2.25040476744048,"yes"
0.861275690573432,-1.59913212814683,"yes"
1.16772037642215,1.51401905439644,"yes"
0.0893952616695137,-1.5267215051239,"yes"
0.640223970626253,-1.21337365696435,"yes"
1.09909877097062,-0.406130866750342,"yes"
0.793210850228458,-1.52741371195904,"yes"
2.24508201421478,-2.1752097950515,"yes"
1.15269019558683,-2.06492184552051,"yes"
0.559698370412341,-1.0199614903314,"yes"
-0.300376624428928,1.19331071371098,"yes"
0.786206963686272,-1.46123214310278,"yes"
0.476299895490274,-0.108824858813431,"yes"
1.44363774646431,0.277336228645139,"yes"
0.313850989425296,0.0693508892350103,"yes"
0.322119146536492,-0.163902367619035,"yes"
1.23120553452068,-1.25914231244792,"yes"
-0.30942397594102,0.246554815133391,"yes"
0.835415565941646,-0.201147247117686,"yes"
1.18154585820465,-0.648246349685729,"yes"
0.851998203825602,-1.28072480189439,"yes"
1.84392014656907,-2.88098741801477,"yes"
-0.0565729136274969,-0.625636238258414,"yes"
0.753386275326603,-0.449462375960392,"yes"
0.0843875569802244,-0.413852738977985,"yes"
1.54555157408112,-3.13089927150169,"yes"
-0.431899077649593,0.0931200602006771,"yes"
0.000519873164969376,-1.44291148154805,"yes"
0.245631869959429,-0.651805331067921,"yes"
0.144522537899319,0.990938019130916,"yes"
0.443941563190089,0.471438736507147,"yes"
1.63157838126977,0.435888701336762,"yes"
1.22131079665283,-1.25878735796497,"yes"
0.423818803005387,0.560825356388568,"yes"
1.92931295435954,0.97311353100111,"yes"
1.81337414556697,0.927257439644658,"yes"
0.910547685323666,-1.19866209130265,"yes"
0.315454221129107,-0.837480392143052,"yes"
-0.589704083694314,1.25021109004241,"yes"
0.836812691644106,0.569648012826445,"yes"
1.7290651526172,-2.30579560280126,"yes"
-0.131482819994095,0.255800028484952,"yes"
0.700469242861122,-3.46205619575474,"yes"
2.40671236760015,-2.74468282396892,"yes"
0.478936669689448,-0.53225359807925,"yes"
0.360283373848798,-1.20955788216594,"yes"
0.323918909535355,0.172729515917262,"yes"
1.13321799419779,-0.0198027638618853,"yes"
1.10674405937059,-1.60253723993498,"yes"
-1.03688036520726,0.306591182536123,"yes"
1.34964549178493,-0.154811354020886,"yes"
1.19256648636604,-1.78778972045623,"yes"
1.17227479626196,-0.428601818229354,"yes"
0.501620397711343,-0.601239045092821,"yes"
0.204145381373949,-1.16849799672595,"yes"
0.333625843225495,-1.01570236365327,"yes"
-0.121761326146037,0.593903548620842,"yes"
1.95436253671612,-1.68203425338862,"yes"
0.542117715412263,0.830815923620512,"yes"
-0.838531335635211,-0.412059916963936,"yes"
1.46353527548302,0.576859955559214,"yes"
1.7302981947405,-0.151163637421876,"yes"
1.96138543046912,-2.18838023217893,"yes"
-0.308996945001942,-0.806439229217646,"yes"
2.93541150281241,-3.02491485534425,"yes"
2.02415428804871,0.976345927336766,"yes"
2.55630593343496,-1.70555304754775,"yes"
2.09367479800406,-2.25565800336213,"yes"
-0.00710077509780649,-0.65816669643714,"yes"
2.65430572861425,-2.25975249392553,"yes"
0.318486056996187,0.833044251898388,"yes"
-0.141979138763853,-0.73889256316039,"yes"
1.87194643848851,-2.41991476451178,"yes"
2.01002991947753,-2.84799036410065,"yes"
0.846064207485457,-0.955061608899026,"yes"
0.642548658146279,-1.34946835125648,"yes"
1.26374444381495,0.412731103812819,"yes"
0.139889832660654,-0.969014088383467,"yes"
0.256163268229222,0.539206941443305,"yes"
0.0705074829421233,-0.64168285168288,"yes"
0.392329855708014,-1.0592412754757,"yes"
2.02549664245752,-2.47694799484262,"yes"
1.39145860324429,-0.760369157936681,"yes"
1.67402511880533,0.247126247393002,"yes"
0.543838704781333,-0.761392738781251,"yes"
2.26153013799384,-2.26358009185592,"yes"
2.3158529363531,-0.373513480194746,"yes"
0.679157880125598,-0.653145113770473,"yes"
0.106416736358927,-0.520188237420617,"yes"
1.02174123192513,0.173207033163851,"yes"
0.440049054653652,1.07404016793044,"yes"
0.190839907194606,-0.619464536958486,"yes"
0.312711544287806,0.0150515934363591,"yes"
2.19269446487366,-1.35340164490957,"yes"
0.508992694278977,-0.24114166257519,"yes"
2.13963449603593,-2.18970895436835,"yes"
1.97576758348098,-2.29980655058022,"yes"
1.74942888318991,0.72514453186145,"yes"
-0.941684106219749,0.821366818876817,"yes"
1.09655320763034,0.927815169780948,"yes"
0.380316193387797,-0.858486566157752,"yes"
2.31720387246321,-2.74811797732753,"yes"
2.05418877721487,-2.65741610966104,"yes"
0.0975803070740184,0.426895264215272,"yes"
-0.200715946058971,-1.02979306014385,"yes"
1.16155034949077,0.209382998740673,"yes"
0.438100809672629,-1.70272737726495,"yes"
2.94529092340337,-2.1328141173874,"yes"
-0.43984926303624,-0.955304588641498,"yes"
0.60120491966419,-1.91563118180904,"yes"
1.21355723129958,0.49744930999838,"yes"
0.361085694646878,1.02694338679949,"yes"
2.02092682497503,1.16876988636428,"yes"
0.21351591419994,-0.381129403644392,"yes"
-0.188682194669644,1.08795245154854,"yes"
2.23414921154217,-2.03896119579839,"yes"
0.607072060308698,-0.524357717641776,"yes"
0.597053123821344,-0.7471643813438,"yes"
0.48380084978467,0.424690162078681,"yes"
-0.04623428912977,-0.664057199515522,"yes"
-0.019503013190205,0.728208425310051,"yes"
1.04709913260109,-2.90984602080582,"yes"
1.48647757162933,0.0912079464536043,"yes"
0.233017051184234,-0.242961912075993,"yes"
2.06999501235124,-2.69515240978569,"yes"
1.29904215606544,1.28049603419925,"yes"
1.14140373393562,-0.748030188467838,"yes"
0.484456489100906,0.550525877974831,"yes"
0.834898244464982,-1.32125712664433,"yes"
1.39683501213461,-1.75134203133997,"yes"
1.75647464033359,-2.62784681832466,"yes"
0.53388509371864,-1.62724235622276,"yes"
0.700437047254641,-0.297080934419871,"yes"
1.37789229511372,-0.266782630010525,"yes"
0.172190826830093,-1.13919178299694,"yes"
2.55300496041298,-1.87342735990619,"yes"
0.569539089949407,-1.06228101380033,"yes"
1.36346869876988,0.807434724554037,"yes"
0.155887849209053,1.06277354895803,"yes"
-0.119177774486051,-0.377910302605584,"yes"
2.20013874740793,-3.11635823430956,"yes"
0.34084710820276,-1.13700995725531,"yes"
1.56214459258361,-2.23402067874468,"yes"
-0.634383346858269,-0.410382823112101,"yes"
0.461368155288696,0.837060118477893,"yes"
1.83762277898193,0.616830330412106,"yes"
1.50097795601092,0.455253840725399,"yes"
0.0954055177531622,-0.796951574040749,"yes"
1.76513881981456,-0.0791262474774517,"yes"
1.97256568657553,-2.49728600936263,"yes"
1.56480817652001,0.120351545649794,"yes"
0.222313138678373,0.0530798865279607,"yes"
0.360961569258434,0.0486655378112555,"yes"
2.62518230723315,-2.49607350043572,"yes"
1.7185221622494,0.63008221432342,"yes"
2.04363219624027,-1.67718677494481,"yes"
0.507601844982331,-0.356319279824638,"yes"
-0.270668093664643,0.0958050522738947,"yes"
2.41677235530781,0.411551699715742,"yes"
0.489571314717208,-0.398454115227497,"yes"
1.50683879638994,1.14509729870868,"yes"
1.5616502107765,-2.5011481048861,"yes"
-0.715661267256501,-0.0322173482750931,"yes"
1.64980554248296,0.883952079945165,"yes"
1.69884612137591,-0.321953516040708,"yes"
-0.338819317660878,-0.171867769207147,"yes"
1.61031681599016,0.920942961971257,"yes"
0.23384477962394,-0.427085271216592,"yes"
0.544902223986035,-1.06913754746639,"yes"
0.784422414137474,-1.52947695422763,"yes"
0.698006644612618,0.301616619444949,"yes"
-0.0162765410561635,0.32548352289064,"yes"
-0.799878192868352,0.541549262940018,"yes"
1.37781650928472,0.0489439079724757,"yes"
2.25568088243959,-3.21746832823244,"yes"
1.1223519104997,-1.29276310412508,"yes"
-0.26227300465288,1.10574107249964,"yes"
-0.212110866708893,-0.139638560565451,"yes"
0.153892094461962,0.597820537449844,"yes"
-0.543515828954229,-0.998410322327356,"yes"
-0.830610290678153,-0.0394421242971538,"yes"
1.6252787016995,0.111001301419623,"yes"
0.922013132778674,-0.868157995500437,"yes"
0.719573776748872,0.888764523091383,"yes"
1.81477420878327,-2.80943844432722,"yes"
2.61365800059733,-2.20356336041381,"yes"
0.656421187146468,-0.748592141782142,"yes"
0.123541550966738,-0.881980868747354,"yes"
-0.287253728422571,-0.0132988099324234,"yes"
-0.9636331204968,0.491389382549041,"yes"
1.1307716346216,1.09551964900936,"yes"
0.865525425331957,-0.680140778566326,"yes"
0.570580915119747,-0.131157544083375,"yes"
1.30187354223581,1.85774807582416,"yes"
0.6880693236114,-0.93179232685593,"yes"
0.460223061825933,-0.907324126140364,"yes"
1.02095495486441,-0.334005350612622,"yes"
2.14514864355988,-2.41673925663045,"yes"
0.0565128802020089,0.0108374238125886,"yes"
-0.181730799866105,0.19415944644753,"yes"
-0.840653073241062,0.0255087484701379,"yes"
0.93324947393023,0.926600988669576,"yes"
-0.731429089577399,0.223724142329406,"yes"
0.994774295954013,0.548452188011047,"yes"
0.213590365590574,0.505165968929602,"yes"
1.93595220641666,-2.01019746845774,"yes"
0.597601955607531,-0.242964778780731,"yes"
1.88687650175278,0.288839114439988,"yes"
-0.081647123931449,-0.249852217394538,"yes"
1.67026666614284,-1.73513201053586,"yes"
-0.0534943087176737,-2.0368361165607,"yes"
1.61126075785555,-2.57710417049709,"yes"
1.28491955707085,-0.521540125800614,"yes"
1.12878614119272,-1.13424012832662,"yes"
0.934046770716529,-1.16193852942892,"yes"
2.4721355833971,-3.21483511653204,"yes"
0.865392410460081,-0.681773522841696,"yes"
-0.290395854759287,0.86976954874657,"yes"
0.587888469999424,-0.501580913329235,"yes"
0.161181350748634,-0.120106850053142,"yes"
0.833659011856536,0.990659940254577,"yes"
2.72101297668043,-2.12225142703743,"yes"
0.42175632569461,0.08832337446004,"yes"
0.502139595036306,-0.715872191867119,"yes"
1.48196313320079,0.842561812359538,"yes"
-0.098845288848556,-0.753742914330368,"yes"
1.99484070026119,-3.07013634801529,"yes"
0.780852852431827,-0.793397732552322,"yes"
0.118195703774454,-0.73306370285907,"yes"
0.512749830996577,-1.20513148073466,"yes"
-0.178690693750064,-0.0616644073408787,"yes"
0.664908826505529,-1.16843182197729,"yes"
1.50146649132297,0.884016243556443,"yes"
-0.115720951230998,-0.0709373835524479,"yes"
1.59937312768369,-3.07137206298313,"yes"
1.63316936507633,0.588375968867419,"yes"
2.11036899180452,-2.03617414539424,"yes"
-0.175452016545039,-0.648896107734391,"yes"
-0.798251733200549,0.15163312474078,"yes"
-1.14842661227077,-0.445985587459978,"yes"
1.76077844011993,-2.20851894098138,"yes"
2.18533086394376,-1.9272327675585,"yes"
0.623109504917813,-0.343364764853817,"yes"
0.00529544703660467,-1.39649167285529,"yes"
-0.475540137516423,-0.516402192287651,"yes"
0.384244207965046,-0.650665246641304,"yes"
-0.436535191089274,0.360426981043867,"yes"
-0.21498127878857,-1.39573161780148,"yes"
0.0483993053946499,-0.158883991467084,"yes"
0.0332879677055219,-0.745752001696808,"yes"
1.08283387520588,1.05671423928518,"yes"
0.88503089928956,-0.524224933004837,"yes"
1.9903554230806,-2.61987042077087,"yes"
1.874303128381,0.613062549235542,"yes"
0.530724530339816,-1.55920494366254,"yes"
0.185450648996267,0.00756334114421109,"yes"
0.588267956178059,-0.867807121001098,"yes"
0.382195024088278,0.880924732410317,"yes"
1.01807719234381,-0.929007926436261,"yes"
1.37834404633849,0.549138684284423,"yes"
2.30302022575928,-2.35894361784119,"yes"
1.49107141990675,-2.74371240093774,"yes"
0.941512190618469,0.207500864359263,"yes"
0.371943162498661,0.236580999316554,"yes"
1.72873239858433,0.466328982663398,"yes"
0.85066211935982,-1.35884313697724,"yes"
1.21982195737543,0.46787074924353,"yes"
1.59768821292481,0.40297001401739,"yes"
-0.299930134316603,0.782849473588007,"yes"
0.714800009149427,-1.03627725893271,"yes"
0.396448166118187,-0.237659454021779,"yes"
-0.931532693876013,0.656528641151271,"yes"
2.6968871941965,-2.6111627228238,"yes"
2.10867359529701,-3.03381952889004,"yes"
0.381930206338723,-0.772138755506258,"yes"
1.09008096454075,0.4609844187068,"yes"
1.01239431770623,0.464770894819425,"yes"
-0.314122209237503,0.499796442891799,"yes"
2.4196042507985,-1.60580664516447,"yes"
2.46326473931754,-2.52854653318137,"yes"
2.00110847130207,-1.56965438100567,"yes"
1.55319019829877,-2.39863360383568,"yes"
1.49543260356319,-0.715271513448577,"yes"
-0.739591240558292,0.403655346579559,"yes"
1.51835467234194,-2.98271226367989,"yes"
1.98807965447382,-2.87590849101256,"yes"
1.22235109189669,1.06872340543028,"yes"
2.96412977313321,-2.66213771102966,"yes"
0.241481215193004,-0.775163497761024,"yes"
-0.0318730716778587,-0.898687510989274,"yes"
-0.0333243777376959,-1.25568393886887,"yes"
2.03066567147926,-2.3852543667176,"yes"
0.790357073404358,-0.727699116672032,"yes"
0.678569774637215,-1.31075457171911,"yes"
2.20394066534985,-1.9675065005186,"yes"
1.40322282307941,0.442118937608931,"yes"
0.245606058554981,-0.481410028114989,"yes"
0.162296255487315,0.697290229228788,"yes"
1.5344528574027,0.280498128962629,"yes"
1.19923366500245,-0.107394444454381,"yes"
-0.620648037355707,0.369354361519313,"yes"
0.69585107381434,-0.221226264529653,"yes"
0.0694330347282938,-0.875224223902873,"yes"
1.1766512844703,1.05524076382372,"yes"
1.3677448973464,-0.483429125879626,"yes"
0.988922501834406,-0.161569246417858,"yes"
0.914297957800149,0.554305403270302,"yes"
1.11874485213582,-0.0297163444839746,"yes"
1.60543163267198,-1.14712676748993,"yes"
-0.145616975855541,-1.36055554547028,"yes"
0.127463879865339,0.0357220957989475,"yes"
1.25028856093503,0.368615593678288,"yes"
0.833783646777372,-0.572586352837563,"yes"
0.18625775925676,0.315550444718895,"yes"
0.309091847853812,0.642644067118789,"yes"
0.656187177607199,-0.224949214990324,"yes"
-0.384512648880345,-0.938178704486812,"yes"
-0.378989550634195,-0.41804016929886,"yes"
1.50971167162988,0.781638690161042,"yes"
0.0483188557466686,-0.0328149215620533,"yes"
1.5885328979744,0.683138435825132,"yes"
2.90242122021036,-2.84581714265339,"yes"
0.743769757011276,-1.04264410437387,"yes"
2.19499661127198,-2.85218664359962,"yes"
0.0423639060842329,-1.58109247656205,"yes"
2.04385312433263,-2.2523336955989,"yes"
1.31452198416086,0.125383738371298,"yes"
0.708327354852882,-0.477856425448372,"yes"
0.311926982326197,-0.258389125359829,"yes"
-0.145720869779992,-0.571488877207828,"yes"
2.44039337988015,-2.7213017947227,"yes"
0.683841683220389,-0.239601403579069,"yes"
0.318214072610258,0.446282299441917,"yes"
-0.601645920947118,0.0358542853960765,"yes"
-0.427820496223112,0.72822925643577,"yes"
1.16227712486159,-0.0134631950217245,"yes"
1.65482794973693,0.891634758208773,"yes"
1.37132535140235,-0.184399286142519,"yes"
2.08054356063451,-2.27344065088877,"yes"
1.01946252549135,1.49302670304213,"yes"
1.08092137135674,0.562475029782366,"yes"
1.77320581252553,-0.188225914320035,"yes"
0.865480265813266,-0.753150938133819,"yes"
-0.274217884909778,0.485221165886324,"yes"
-0.417615963169977,-0.73277134475695,"yes"
0.0925912374814428,0.0739121901858322,"yes"
0.47781150669389,-0.10604763983348,"yes"
0.741510065524268,-0.638337359576886,"yes"
0.404292746924723,-1.05896298961845,"yes"
0.509278240716876,-1.1418719484322,"yes"
1.74310818252276,-2.67021617238585,"yes"
2.64306452395518,-3.06614315585215,"yes"
1.70055115826133,-2.95358849922475,"yes"
0.602990602096842,-0.321406179820963,"yes"
1.2080727350156,-0.878177302866881,"yes"
1.1776177867293,-0.664299303849471,"yes"
0.533475866807419,-0.536915419924889,"yes"
-0.0149825697322657,-0.641996737226007,"yes"
1.13278134432184,1.47081659135818,"yes"
0.0775236287084755,-0.851803915951313,"yes"
1.6525826753903,-0.495336298159059,"yes"
0.7205450839018,-1.74432999365428,"yes"
-0.0240505137392447,-0.515625091250182,"yes"
1.78719835550995,-2.30474570481548,"yes"
1.77344012130552,-2.89126343056818,"yes"
1.26640617507007,-0.45035872976093,"yes"
2.97512311468699,-2.64649158302794,"yes"
1.86480148292376,-1.47496639301749,"yes"
1.45315514348086,0.491521026852337,"yes"
0.330057680253013,-0.00830737758962702,"yes"
1.49128354900937,-2.18425151458151,"yes"
-0.409505039989443,0.213101212514219,"yes"
0.0256190948232918,-0.430214466624552,"yes"
0.727673863774887,1.02984126754229,"yes"
0.442461009674236,-0.433749393933346,"yes"
0.366766565296869,-0.64665822047375,"yes"
0.627561433499359,-0.905750546626523,"yes"
1.97720544023938,0.890882199643602,"yes"
1.50585320771076,0.497631894471485,"yes"
3.12167125295705,-3.08389150151068,"yes"
1.63922232262133,-1.58640539680063,"yes"
1.35229285277983,-0.268496006896938,"yes"
1.91449194149437,-2.0630970364498,"yes"
0.946050158023756,-0.323121666604885,"yes"
1.15998506373794,-0.182829827959721,"yes"
0.51879428342011,0.265000707311507,"yes"
-0.47341787550164,0.0408041774260767,"yes"
0.202252875840993,-0.358955399673531,"yes"
0.282269684750975,-0.328667213106797,"yes"
0.0431529054321029,0.482419202710533,"yes"
0.5151755086009,-0.867021311259207,"yes"
-0.257091895250561,-0.100010585416496,"yes"
1.79229266709157,0.686003847404391,"yes"
-0.417334884271289,0.793760294193381,"yes"
2.09597517952793,0.962734333708299,"yes"
2.52235318186693,-2.5668944431812,"yes"
1.90830101657311,-0.0328251728659396,"yes"
0.892509631138148,-0.254447021353308,"yes"
1.6014651758732,0.464640045978314,"yes"
0.195431759494499,-1.4799878473239,"yes"
0.324896692111143,-0.618091148813529,"yes"
0.958940070158923,-1.03234371823794,"yes"
1.37900098006794,0.316756571523338,"yes"
1.93320544852759,-2.05041591326116,"yes"
-0.189975888562441,0.32205875594855,"yes"
1.63484250398557,-0.19528313972644,"yes"
2.03610959870638,-2.29318476280035,"yes"
0.296812495475984,-0.186572088648272,"yes"
-0.20866417371963,-2.14574618185083,"yes"
1.54467093671866,-2.13567565109806,"yes"
1.22220209386358,-0.190882975464318,"yes"
-0.198640175823685,-1.26594271711554,"yes"
0.276320536851493,0.274865975918705,"yes"
0.638490871011393,-0.564187847942787,"yes"
1.90875067896062,1.23910085990955,"yes"
-0.147936826126231,0.290317368497285,"yes"
-0.469450844847408,-0.197595212652497,"yes"
2.02368527712462,-2.97224723402539,"yes"
1.48318200084338,0.705941824478881,"yes"
-0.155918148816706,-1.12844821856744,"yes"
0.488656597078561,-1.07426487323913,"yes"
-0.194571318009994,0.308124592417284,"yes"
0.4970541575706,0.864803795188172,"yes"
0.0916564151236812,0.227356803216164,"yes"
2.39187373149544,-3.13392300056173,"yes"
0.976417559880856,0.139396223231324,"yes"
2.01359377455286,-2.59102440150066,"yes"
-0.108755131007406,-1.4496139486639,"yes"
1.01692051863091,-0.469363192603321,"yes"
-0.143725123339783,0.255631395613507,"yes"
0.764932844781509,-0.306572569912094,"yes"
2.24190024322587,-1.25181513799164,"yes"
0.212688653500082,-0.170593391100927,"yes"
1.0032060029785,-0.428272794500401,"yes"
1.502850830849,-2.53276920189198,"yes"
0.673891851706658,-1.1312328952632,"yes"
1.5204754343375,0.270859476958623,"yes"
0.670235849384818,0.059123944665042,"yes"
0.119592028553401,-1.4120074522348,"yes"
-0.501401272333354,0.227499602740393,"yes"
0.102174318375194,-1.12149465145454,"yes"
1.21660002687073,-1.13117970472005,"yes"
2.50866793582787,-2.77066208063968,"yes"
-0.39347851815096,0.4622335490368,"yes"
0.358503698763599,-0.532297895361747,"yes"
0.0182144333218051,0.330978066846994,"yes"
-0.322118714931805,-0.320173369555939,"yes"
1.07127759631968,-0.018750777100924,"yes"
0.34990814609962,-0.542697747199056,"yes"
0.724108219708829,-1.15087840858446,"yes"
-0.589185434710779,0.290672116557727,"yes"
0.29785493360378,-0.569666921345118,"yes"
0.927235516731353,0.754934188453443,"yes"
0.118884420216089,-0.163284520360062,"yes"
1.7631445812914,-3.11038322206028,"yes"
1.00931330586205,-0.825419922737635,"yes"
-0.181800584204827,-0.0399227679812271,"yes"
0.991190098530069,-0.803921375746049,"yes"
2.00933161370973,0.662514548282504,"yes"
0.0454121891404042,-0.109885160838993,"yes"
2.19304537243802,-2.82017014722903,"yes"
-0.657694195801366,-0.125532151589459,"yes"
2.72524644664654,-2.15862048281234,"yes"
1.54898201993631,0.677809288951046,"yes"
-1.02419631204202,-0.160723648620944,"yes"
0.141576565898753,-0.971790120403451,"yes"
0.598561126196264,-0.337820030449765,"yes"
2.13216155514977,0.522590898829266,"yes"
0.725501968391971,-1.01133060097265,"yes"
-0.136199605399333,0.678007610943558,"yes"
0.636563102937739,-0.765985785249792,"yes"
0.718424346271659,-0.166635509232056,"yes"
1.79986349524385,-2.11614635657841,"yes"
0.853089823713519,-0.184518403959263,"yes"
0.346346893345804,-0.176950276462302,"yes"
2.02865773982182,0.060534128407855,"yes"
-0.538279129735295,-0.48195277454732,"yes"
-0.558136100674501,-0.0497564905189058,"yes"
1.77706062513596,-0.12623235306464,"yes"
2.21745757173791,-1.29037934176253,"yes"
-0.037155400552546,-1.08193589599046,"yes"
1.64179817685296,0.581619749912355,"yes"
1.58452238900565,-2.25084212268386,"yes"
0.279539602587755,-1.33567120014543,"yes"
0.891646505058048,0.216525330539096,"yes"
1.40412049326719,-1.83278088305412,"yes"
2.18928575996647,-2.10276286208486,"yes"
-0.379275366123271,0.507321846029233,"yes"
0.563003716468149,0.2758627846079,"yes"
0.505526473108985,0.11723874088486,"yes"
-0.0621458030972248,-0.66825633557722,"yes"
-0.189459321874876,-0.297887113338899,"yes"
1.86947984461803,-1.79880746371336,"yes"
0.865540023409051,0.161397693230042,"yes"
1.1942449093905,1.4078530055619,"yes"
0.107253332973986,-1.44038890324703,"yes"
2.13736099015839,-2.1346062452257,"yes"
-0.273058783336875,3.64166457927196,"no"
-1.12348292851886,1.46728904339016,"no"
0.563210398082374,1.4056159396836,"no"
-0.339989515989279,0.224208006656866,"no"
-1.22464679097125,3.12567464887743,"no"
1.44492049082835,1.08019540232082,"no"
0.734892651854808,0.997146447973547,"no"
0.186794151007958,-0.180965087029241,"no"
-1.53677644727481,1.3415026136527,"no"
-0.48725068024283,-0.234217168683626,"no"
-0.783925287152541,0.0472641983713754,"no"
-0.858599832852922,3.45422941209111,"no"
-0.874919460443864,1.32449050918424,"no"
-1.19487104264501,0.703226225658296,"no"
1.77596125296325,1.37921269864883,"no"
-0.690029989006638,-0.533341853100908,"no"
-0.335603882855745,1.30693557965105,"no"
-0.756242289019173,3.58400315350214,"no"
1.03707654170114,0.854670595037501,"no"
-0.0250472649878765,0.286517966320266,"no"
1.29388113239614,0.890706251381321,"no"
1.30145073356366,1.04274651593824,"no"
-0.419325753632118,0.249954177132905,"no"
-0.115653077102147,-0.509587742202045,"no"
-1.63088225108167,1.32866907316406,"no"
-0.982084484026714,2.61874400187707,"no"
-0.588681801415831,3.12585359961853,"no"
-0.134955769500355,0.167954849330675,"no"
-0.15802133658873,-0.738282260573572,"no"
-1.00878713827932,0.4423073763244,"no"
-0.573031254615824,0.880978515451015,"no"
-0.557324817895182,-0.925985913763468,"no"
-0.461368527668013,0.70982322747036,"no"
-0.00918653809356296,1.88961385428367,"no"
0.114314580851861,0.214991322233495,"no"
-0.786352703150444,0.0123450696689297,"no"
-1.02719015425746,0.747348254202748,"no"
-1.3601845013797,1.14955702527668,"no"
-0.0851714444591333,0.207569667754062,"no"
0.64945694351181,1.05839759578998,"no"
-0.186025290629718,0.204589915596869,"no"
-0.476761594536036,2.7332829038127,"no"
-0.863595450565644,3.1306057552414,"no"
-0.529286450398752,1.69223343191152,"no"
-0.547257497937965,1.35983405477209,"no"
-1.00843608199205,1.38720627414845,"no"
0.835096117114586,0.655061811768637,"no"
-0.449224465158236,-0.199900386398246,"no"
0.170159003907564,1.25735049274145,"no"
-0.834431885590694,-0.0645460310300073,"no"
0.191565527138076,-0.449792794656866,"no"
-1.01540301809384,0.178533052496208,"no"
-0.0035526830797516,-0.883356915251866,"no"
-0.690848080839717,2.05568307095501,"no"
1.11524103614944,1.28388385129085,"no"
-0.460173606549642,-0.289191557715862,"no"
-1.00328006410185,-0.20848330379174,"no"
-1.44749419583668,3.40719827587398,"no"
-0.9183863984962,0.236377107851119,"no"
0.681952350669671,0.612787345737727,"no"
-0.114547813572679,0.310173216704994,"no"
1.97408528224663,0.915280233462981,"no"
-1.28239052818408,-0.433000890779725,"no"
-0.190748551672848,-0.056312774553612,"no"
-0.0515650994100548,0.441498944612267,"no"
0.194216222366071,1.19181576167167,"no"
-0.810786048778371,0.837210242902651,"no"
1.00811857903384,1.07848055218962,"no"
1.64919748087726,1.14694360102877,"no"
0.359873227930702,0.354817899041129,"no"
-1.20937745710931,0.564100389187236,"no"
-1.40608152766251,0.806671242536708,"no"
-1.31574715742091,1.60282941029662,"no"
-0.150906193161981,3.75948905200529,"no"
-0.897454414990378,-0.132127159387684,"no"
-0.725929479530053,3.50225979679922,"no"
-1.35945837991353,3.31183332345988,"no"
-0.206285601688427,0.59419112523083,"no"
-0.159850083463687,-0.080147129631502,"no"
-0.379940002380399,0.269089823038563,"no"
-0.715403088880741,1.75584308231152,"no"
-1.16038462081877,0.213570953052638,"no"
-0.161449481496308,-0.00547428181733175,"no"
-1.13547965545393,4.2726760051745,"no"
-0.348302150877111,1.53781523137189,"no"
0.445564016535526,0.68141966567255,"no"
0.069571360054137,1.03995118387519,"no"
-1.25838777910006,-0.85757009293602,"no"
-0.260475719693951,-0.612799338613555,"no"
-0.974391473492088,1.22881191414046,"no"
-0.881154139834994,3.74035516049453,"no"
-0.887897819646774,-0.103667286773755,"no"
-1.05996094391774,-0.624561551104853,"no"
-0.493872253857381,-0.18149708197123,"no"
-0.241709846728337,-0.383612698774187,"no"
-1.0217534391861,2.08150174089472,"no"
-0.68819552458459,3.62357139183763,"no"
-1.22601468667439,1.957829215118,"no"
0.00130960858253798,0.639347298942553,"no"
-0.479799933845203,3.37011895878586,"no"
0.703563850838896,0.511473008905012,"no"
-0.332187592227223,-0.193968565919199,"no"
-0.386491165129904,0.060371230463254,"no"
-0.636696851008749,3.3083574540578,"no"
-0.421419047171508,-0.277563624033673,"no"
0.546048718649049,0.746330604166569,"no"
-1.21649066324422,1.16171803709671,"no"
-0.0909077111487392,0.993220486412223,"no"
-0.286751120971885,-0.36768617013813,"no"
-0.157245226602606,0.0620724854803865,"no"
-1.84364642928684,1.26469614730527,"no"
-0.18569893065167,0.22179267372789,"no"
-0.521588333174875,0.342510267160597,"no"
-0.516424484923789,0.434694729091047,"no"
-1.02107506690515,0.328579043520083,"no"
-0.570673191059209,1.38125954597476,"no"
-0.881263939647757,1.22087231548405,"no"
-0.213758947670911,0.0300470429152733,"no"
-1.07690596239105,0.232327734294638,"no"
-0.73736135060403,-0.587005652435003,"no"
-0.182761791729598,0.661052717816126,"no"
-0.790427003030762,3.76442273691008,"no"
-0.70253864428749,-0.0247021351851988,"no"
0.0303319592885881,-0.139122406497703,"no"
-0.202404547249192,-0.173935207490436,"no"
-0.744665487050703,4.45287848469366,"no"
1.42046188852548,1.78242826912361,"no"
1.69339023661807,1.18039619463299,"no"
-1.02309054069873,0.317822897465128,"no"
0.976413307517317,0.487215127899919,"no"
-1.59027201507305,0.333876067582554,"no"
-0.590261933646735,0.401714262543976,"no"
-1.46639857704383,0.525343822231349,"no"
-1.59071599837758,0.91510676149254,"no"
-0.320525038391017,3.75288854134189,"no"
-0.723011375663044,3.40928322469695,"no"
1.13640792069339,0.714825720329063,"no"
-0.501421670765173,0.00498508027222684,"no"
-0.0729052704758575,1.59814230561757,"no"
-0.335444082718496,1.26509833808964,"no"
1.18887152560288,1.28172633696701,"no"
-0.560701466933525,0.88645743495728,"no"
-0.0794400944941327,0.338329016398476,"no"
-1.05383784735439,3.24969762689285,"no"
-0.928462552176321,-0.590986469105879,"no"
-0.921746016105732,1.45323488307177,"no"
-0.17073431313833,3.689737715814,"no"
-0.122235377195652,-0.247596716975789,"no"
0.291251316407375,0.683874872571218,"no"
1.03017171663573,0.706922552414655,"no"
-0.313739216134414,1.24780117407969,"no"
-0.788361438322483,0.736574457555032,"no"
-1.07726371351048,0.519226625351469,"no"
1.0652316720774,1.08644265773059,"no"
-1.26767011717628,0.0589401687215584,"no"
-1.57365480931235,1.13404562478783,"no"
-0.568779838698995,-0.24861174540444,"no"
0.482795342294158,0.818682497668012,"no"
-0.943048374750529,0.686712760212265,"no"
-0.468139781089283,1.86298024770528,"no"
-0.326338957482779,0.444500060155237,"no"
0.432619883364642,0.307397338066787,"no"
-1.44818081048156,-0.378096460242172,"no"
-0.323173939836164,0.435053482585234,"no"
0.274172283181763,0.597505921229602,"no"
0.215323954478086,2.49962851739728,"no"
-0.915099634673687,0.45417489879972,"no"
-0.883175854260308,3.81375575645224,"no"
0.471308744263312,1.09737324893232,"no"
-0.451223266884589,0.142480856971812,"no"
1.52809418892376,0.654052824510673,"no"
-0.319922125833918,-0.566692733226777,"no"
-0.907508662980218,2.67148319779803,"no"
-1.07222157348081,1.10083084207631,"no"
-0.419428361137094,3.28155085678017,"no"
-0.810900354705786,3.89814233369695,"no"
-1.18688174636541,-0.00534922813935732,"no"
-0.524294744318766,0.586844825579694,"no"
-0.856173638166433,3.02268806965094,"no"
-1.3224922109598,-0.284506034812398,"no"
-0.246970694271376,1.93967214465946,"no"
-0.202023873371166,3.04163047672369,"no"
0.973019197159524,1.33446885428832,"no"
0.764138445488051,0.47885147502952,"no"
-0.538180054451544,-0.33366615659956,"no"
0.221785406206948,0.495161543252695,"no"
1.61455542286804,1.24818386312652,"no"
-0.641893774650559,0.989545352298831,"no"
-0.687380809843977,-0.049040630064171,"no"
-0.724696281010276,4.23622159547936,"no"
-0.717312975973368,1.02512410227934,"no"
-0.290131741899924,0.509683103487353,"no"
-0.106807473789381,3.62688656339791,"no"
-1.17635731545017,3.61390761282307,"no"
0.941989224962849,0.582842422180175,"no"
-1.45621378923687,3.79376165493551,"no"
-0.434329607170424,1.06405849262896,"no"
0.638200606595813,0.768909455509549,"no"
-1.21748115939623,0.81057234694839,"no"
-0.526098018299258,0.0334999073894884,"no"
-0.867028387266536,3.67720326574461,"no"
-1.51259562035244,0.950574046990277,"no"
0.30630721439764,0.284872955461186,"no"
-1.14042965552477,0.438847235322247,"no"
-1.5350159921276,0.639238826633425,"no"
-0.056948678140991,-0.595339895136349,"no"
1.28053531482184,0.849767823597436,"no"
-0.698566482762597,0.966675386743777,"no"
-0.388810599333818,0.562854003273108,"no"
-0.859887756559954,-1.27208521263383,"no"
-0.103672640832945,2.51011353759563,"no"
-0.571600579194316,1.08271197422653,"no"
-0.318811431561036,0.526613021135924,"no"
-0.832522317656276,3.61896716805307,"no"
-1.20661472040241,1.16751626919793,"no"
0.924027698545021,1.19551556554591,"no"
-0.492835686538855,3.25645351905213,"no"
0.391895914470077,0.363584018725805,"no"
-1.14892345592556,1.16945131922525,"no"
-1.17164136559061,3.46150214473095,"no"
-0.308412773134186,3.20322934065721,"no"
1.25703126495063,0.8017011831374,"no"
-0.999720512884032,3.20590694253447,"no"
-0.814258492250418,3.19789550588014,"no"
-0.00369498183055333,-0.0100198762977033,"no"
1.2501625472897,1.60584132379308,"no"
-0.283494308805013,-0.608301463521014,"no"
-1.08354827287298,-0.0799913546318573,"no"
-0.0830976979526254,-0.140735739367269,"no"
0.826843918538509,1.08917142185584,"no"
-0.456686971375682,0.0100118845612563,"no"
-0.608592190442469,0.580603413762739,"no"
0.923318749872977,1.0356830866621,"no"
-0.290071488949785,0.233392181933265,"no"
1.0930463941161,0.41813970405548,"no"
0.506674810498845,0.319469423342299,"no"
0.411172913077279,1.61856866871076,"no"
-0.615707685987556,0.746218646178058,"no"
-0.407278970198409,3.28865140676119,"no"
-0.811019513482997,3.06286147667012,"no"
-1.37059093668211,-0.303858058129614,"no"
-0.450650429736028,-0.156760418267329,"no"
-0.448875635627222,0.922723612215818,"no"
-0.989506196400594,-0.382413714196854,"no"
-0.106175550370918,1.27845350322423,"no"
-0.252098603520588,0.110490176407694,"no"
-0.722190337384058,1.24177278637065,"no"
-1.06094412909612,0.468428688630064,"no"
0.984257988802574,0.667022967287582,"no"
-0.271868291650746,0.308165647082687,"no"
-1.00406962423844,-0.69558673687591,"no"
-0.207984199396212,0.529778886761914,"no"
0.442765977693839,0.89046013780129,"no"
-1.44766405993574,3.58226707147763,"no"
0.621503058461914,1.48379448178189,"no"
-1.53319711945169,3.74116809932675,"no"
-0.957131237632035,1.99987368923576,"no"
-0.709282584900442,-0.379367100340576,"no"
0.701475375510507,0.912039079730471,"no"
-0.609659490134845,-0.21033602081623,"no"
-0.820089655151038,1.13415566149606,"no"
-1.93782439526955,2.70820996586341,"no"
-1.52050633678216,1.42960080063403,"no"
-0.597291546198241,-0.0937866803483052,"no"
1.6129503163913,0.389877284018301,"no"
0.124654329816225,3.30243449134401,"no"
-1.16440504550633,-0.314418650610915,"no"
-0.906170742410625,1.31044749977544,"no"
0.856303992129238,0.492579417165857,"no"
-0.996712554981962,0.392386608475949,"no"
0.904209636705112,1.01878831258608,"no"
0.884284749982311,0.22804347076327,"no"
-0.391061183514277,3.46654215701072,"no"
-0.0916186784514532,1.83993834236197,"no"
-0.711546876338508,0.955729869965937,"no"
-1.64244292652014,0.081835516110185,"no"
0.891754851952791,1.53674888034884,"no"
-1.11192515095651,3.91005248315525,"no"
-0.832682323469798,-0.0895532587010744,"no"
-0.649719572618587,1.42216835737558,"no"
-0.548700489571064,0.481967876726904,"no"
0.208041834255988,-0.0200540158092217,"no"
-1.03369469156917,0.0530530488234933,"no"
-0.0538192928941247,-0.176712670978127,"no"
-0.754264628468425,1.32860976862017,"no"
0.833118669043441,0.587491789865275,"no"
-0.571818574617322,0.378929991819937,"no"
-1.15196628566125,-0.408320838596953,"no"
-0.815077105162627,-0.630626305382083,"no"
-1.09216266517623,2.24506198093927,"no"
-1.33458057042909,0.404172329885086,"no"
-1.01842922709187,-0.132490564193291,"no"
-1.10414573448894,0.3782870159714,"no"
-0.85247356964103,0.379533478689881,"no"
-0.793654696142646,-0.111414376847327,"no"
-0.735368593093667,1.5295644326637,"no"
-0.928255017293394,2.69992551182406,"no"
-0.315799431101614,-0.152612370251726,"no"
-0.972893256531144,0.509909965335044,"no"
-1.23891591425114,1.58795204029881,"no"
-0.906614135993696,3.84026233749265,"no"
-0.184263810889053,-0.000913329743433527,"no"
0.384044277156688,0.345694325584407,"no"
-0.808373229599314,-0.00622503508272494,"no"
-0.562113565343959,0.597383746950784,"no"
-0.258049984288141,4.09957938405498,"no"
0.0874976175684782,1.205692336448,"no"
-0.737511979463505,1.53413759205446,"no"
-0.490386835323285,1.36096896766225,"no"
-0.839248586783869,1.65063436547183,"no"
1.2263798929412,1.36076605426889,"no"
-0.888535202457957,3.4149109303524,"no"
-1.18025780038274,1.44974074630652,"no"
-1.0781795642654,-0.516551743131104,"no"
0.0575889952300505,-1.12437527181599,"no"
-0.240695689602832,-0.447895254879443,"no"
-0.302929223821127,1.19932158362276,"no"
-0.476210892168766,0.340276846167548,"no"
-0.366932680438424,-0.237423004183011,"no"
0.436227970485997,0.951813589714388,"no"
0.732275307672375,1.16558681763244,"no"
-1.00483228043101,-0.636428976945856,"no"
-0.276377929532775,0.600194578168828,"no"
-0.356608049369105,-0.129849154553228,"no"
-0.845988969408618,3.94460521163358,"no"
-0.728783971835794,0.0278520562500106,"no"
-0.797010254765936,1.10371164205593,"no"
0.00817763455879744,0.198562495565591,"no"
-0.412341266373275,-0.705402675467488,"no"
-0.533425928017545,0.353455568361955,"no"
-0.637068292544471,0.640442641388554,"no"
-1.12771173149266,3.10075439565624,"no"
-0.954822578270232,0.50446716592276,"no"
-0.427795930754254,3.78620288075578,"no"
-0.744647755881497,-0.0713210567673225,"no"
-0.63835127170515,3.82285931489345,"no"
-0.523960369586971,-0.0571526518583268,"no"
-0.0753689946848851,0.799058610862778,"no"
-0.827892068717157,0.202354703221639,"no"
-0.716907283890751,0.363479030884363,"no"
0.85563160697062,0.527320459521994,"no"
-1.79357486594265,3.02523868399168,"no"
-0.328038029053417,-0.118965372195141,"no"
-0.674929436924084,2.29035266299448,"no"
-0.449312498059049,-0.0140379320450857,"no"
-0.611652324460956,0.482203050802841,"no"
-0.687611691413015,3.49801410663516,"no"
0.423853840396055,-0.0924433090265392,"no"
1.2736967247859,0.734921708700399,"no"
0.719561001483445,1.26904456749834,"no"
-0.842491120923475,0.738989000592114,"no"
-0.657198847867307,0.00698159971985152,"no"
-0.621030276618124,3.4221552729382,"no"
-0.421958919604827,0.823346778115333,"no"
-1.56516495584874,0.902994832128839,"no"
-0.8229264157058,0.449381161372056,"no"
0.650387685062555,-0.146235707275698,"no"
-0.0171188283403202,-0.237639377467806,"no"
-1.18133053717302,2.96791718061828,"no"
-0.982794636507557,-1.10372201588367,"no"
-0.159654212593339,-0.102367460057776,"no"
1.04074035889731,0.756969326314883,"no"
-0.744459713750114,3.00862940158384,"no"
-0.937001607388154,3.6303957154341,"no"
1.15911647603872,0.86539276595285,"no"
-1.56773679546109,3.68857564022046,"no"
-0.191468059776997,0.763234721583866,"no"
-1.52800081786706,1.20123633941715,"no"
-0.830574266726435,1.62003745715759,"no"
-0.396641591070477,-0.550620433095931,"no"
-1.08735634249248,1.31445906916809,"no"
-1.16699874848933,0.0515732532603359,"no"
0.321366093502487,0.242492048617781,"no"
-0.159305923457913,-0.256302474618265,"no"
-0.623032419685037,-0.942625496596055,"no"
-0.0939471949175676,3.75054750896262,"no"
-0.941382230243809,0.198542332594867,"no"
-0.219584174558404,-0.441705850132142,"no"
-0.908679197791702,0.274837314999811,"no"
-0.577800752883311,1.42519792744143,"no"
-0.949231036839412,3.20328827531149,"no"
-0.06675682696437,0.305117472987148,"no"
-0.594113055068572,2.43095090836308,"no"
-1.32869182757297,-0.120928349022516,"no"
-0.860472484837028,1.46872834320507,"no"
-0.420579256096211,-0.208611977200718,"no"
0.503439413667708,1.94666805103499,"no"
1.36441845932302,1.0988298288014,"no"
-0.33019351595111,1.00241229587915,"no"
0.477961252813903,0.570765074509999,"no"
-0.95244968509885,1.16111249981729,"no"
-1.35707373537443,3.08974731845535,"no"
-0.275519510769916,-0.128557279596271,"no"
-1.23463495777585,0.111033417979396,"no"
0.499727811745546,0.308081982940992,"no"
-0.975503582141305,0.553443594549698,"no"
0.889642172337706,1.12411310217305,"no"
-1.08701555707714,3.3815928272168,"no"
-0.922290025346651,4.25751555887236,"no"
0.86819116024202,0.277609126324405,"no"
-0.983912757455529,-0.185361683957516,"no"
-0.782235052413663,1.20428065879191,"no"
-1.19412415631618,1.27069110513663,"no"
-0.58517074040715,3.2731916239964,"no"
-0.651527393779921,2.5879637340537,"no"
-0.738514176458998,1.37822746435408,"no"
-0.72496671740164,-0.200595858592761,"no"
-0.887747998380537,1.86517461620543,"no"
0.798835419105777,0.838447892684212,"no"
-1.36967292197506,1.50480598908903,"no"
-0.99160710213024,1.75232871866487,"no"
-1.03214367169818,0.306135832385085,"no"
0.238965356522123,1.5195020001876,"no"
-0.377382612840497,0.558499353302668,"no"
1.23988663800887,1.71810242522399,"no"
1.82925739454071,0.354514689994062,"no"
1.25428422146607,0.542292609648939,"no"
-0.571620635276988,-0.587452155548615,"no"
-0.755299556782526,0.443623250036076,"no"
-1.08661306053473,1.06050150796798,"no"
-1.16399079355634,3.41861085880765,"no"
-0.391456804427279,3.20353565500878,"no"
-0.663229550685012,3.28566749012456,"no"
-0.724277792441594,3.52917331193564,"no"
-0.535177916618813,3.54292152250059,"no"
-1.50126534625418,0.47091754909165,"no"
-0.241758882206293,0.731129921233633,"no"
1.08006415941693,0.842803289029953,"no"
-0.713174136189249,1.933252309136,"no"
-1.39426765696566,1.65241091279537,"no"
-0.598228571380938,1.14071002398545,"no"
0.641558159681372,1.3090837912047,"no"
-0.645612442914591,3.49864715642794,"no"
-1.29649580545797,3.8270377911461,"no"
-0.926819832817807,0.896415960099904,"no"
0.0397111462899509,0.296929045416174,"no"
0.701731300202401,1.13532945666503,"no"
-0.862027244536574,0.343908586119748,"no"
-0.871325705734152,-0.72170162793867,"no"
0.250837247715744,-0.0836824666747703,"no"
-0.213985498332697,-0.417150278920792,"no"
-0.899910994055383,3.71155117869772,"no"
-0.327137646540663,1.36445206388997,"no"
-0.250147893469945,-0.0149759032702656,"no"
-0.66667906837774,3.75140425821619,"no"
-1.10958475022849,0.00186982599474166,"no"
-0.791063812340889,-0.609163332820645,"no"
0.0532325672701516,0.508024508619353,"no"
-0.605038453209123,-0.304849424783763,"no"
-0.359970034748751,3.43565025389395,"no"
0.621805612364236,0.686716635452798,"no"
-1.42104583047519,-0.153001540992252,"no"
0.173023110082729,3.27256596924307,"no"
0.57644339510141,1.27506572473291,"no"
1.13062734055355,1.08018235562103,"no"
0.70203894171128,0.744905202932352,"no"
1.18587127974155,0.407835351696787,"no"
-0.475369331932301,1.27184696492214,"no"
-1.2636058788948,3.53868389173109,"no"
-1.21731014664692,3.44435726436143,"no"
1.06292142833066,0.609578826542075,"no"
-0.97606841751299,-0.200432329451436,"no"
0.770641366681475,0.777132821479928,"no"
-1.08472763561888,3.10716593712799,"no"
-0.500681990820235,2.86528336670002,"no"
-0.132801046322172,0.357763582664872,"no"
0.66888571509105,1.39737303063721,"no"
-0.908817592749017,3.30119302215951,"no"
-0.955310559727902,1.11796852295848,"no"
-0.769888839845345,-0.780674223450267,"no"
-0.964053846302894,0.158296965067251,"no"
0.186878382085496,0.415971743397385,"no"
-0.0582637519309459,0.209846102058229,"no"
-0.132557665517118,0.732970419559413,"no"
-0.941155618545345,-0.727635999485814,"no"
-0.801216066496849,0.623891637621178,"no"
0.193555832513859,1.0504551861433,"no"
0.371686814464433,2.28497770765222,"no"
-0.451363740237237,0.329063801562842,"no"
-0.137607295776668,-0.438941822282983,"no"
-0.537287457660737,-0.394012669378748,"no"
-0.597703732566782,1.42017424902867,"no"
0.899957770904457,-0.193323889883905,"no"
-0.081731705616479,-0.251102815205863,"no"
-0.0924244907333173,1.20631359951354,"no"
-1.05894700922489,3.04496705155933,"no"
-0.752440365975717,2.88415915331818,"no"
1.24454899370046,1.13817725583956,"no"
1.04547404838696,1.34892511599595,"no"
-0.917017356651506,-0.415500414867222,"no"
-1.26778168267255,3.05193206094666,"no"
-0.863242481569961,1.92132569654812,"no"
1.27333479299066,1.32375740970795,"no"
-0.568430157169057,-0.534926510577865,"no"
-0.459379174321504,0.972506351010031,"no"
-0.654430326937682,1.49623903852576,"no"
-0.203316167042616,-0.834813092118291,"no"
-1.74111472516941,1.82638925331169,"no"
-1.33804144637655,2.97225085698261,"no"
-1.27622699706046,0.796367591809452,"no"
-1.12847966162424,3.11414064414829,"no"
-1.21247514131898,1.71114643459705,"no"
-0.0497962099849082,0.29785731574762,"no"
0.705180893797784,0.677509095613092,"no"
0.751372052853799,0.873905774001888,"no"
-0.996760206861607,1.68907809312546,"no"
-1.29576487211227,3.50039105932735,"no"
-0.155791129121677,0.00508667399420598,"no"
0.603201970170343,0.0126525892847954,"no"
-1.41872235314259,0.703957277824191,"no"
1.40311820368143,1.49048042374429,"no"
-0.69186660399247,-0.594855290900288,"no"
0.143922960983523,0.0256404999526878,"no"
-0.538909382816424,-0.364829387528147,"no"
-0.783884700996555,1.26123620407984,"no"
1.46082283622505,0.991367042392074,"no"
1.09470594375986,1.47836939241351,"no"
-0.775242130389386,-0.308364874175254,"no"
0.720348228912046,0.947768461125371,"no"
-0.681498613195813,1.11787991731572,"no"
-0.156315516473941,3.41853779553745,"no"
-0.281518086583304,0.147952911447207,"no"
-0.791499857927606,1.36839880116628,"no"
-0.472587565273007,0.785958830776563,"no"
-0.779387733038338,0.270168675045435,"no"
-0.00467544518080887,-0.261944065876074,"no"
-0.743674404159747,0.404118292784196,"no"
-0.521752944597476,-0.342083687558869,"no"
1.53646203709976,0.283247960026608,"no"
-0.930340655352572,1.17129731680963,"no"
0.0351511673061292,1.21707937242284,"no"
1.2525170770158,1.1174750622906,"no"
-0.883763424681802,0.590339865879256,"no"
-0.22351928095422,0.273089711804126,"no"
0.235616924390825,-0.0760439732129968,"no"
1.73320573276185,0.759006692150883,"no"
-0.364492965778318,1.27437336235049,"no"
-0.516884744208086,-0.202201729582425,"no"
0.849883409778695,0.444531647679918,"no"
1.07579755769786,1.08394131605534,"no"
0.397045100061959,-0.250855041840476,"no"
-0.861718147880251,2.99488211934596,"no"
-1.09634251466151,0.719712102707745,"no"
-0.641090813662434,1.06107276085655,"no"
-0.0218728213581811,0.360868972260027,"no"
-1.19728300476313,4.25763335753043,"no"
0.386183731694071,-0.286984082808344,"no"
1.05158602959068,1.00154286885738,"no"
0.0144085069172701,1.28003599563035,"no"
-1.15318429356436,1.43021696465195,"no"
1.18027942951258,1.07557947739946,"no"
-0.484669496566902,1.41556074855566,"no"
-0.675768348175288,3.02510343354252,"no"
-0.866422586370462,-0.38984549386635,"no"
-0.895500190508961,1.15448558829719,"no"
-0.751032114993239,0.467845391370599,"no"
-0.553873478913375,-0.828260125061249,"no"
0.335138857530249,0.689625335363925,"no"
0.334958117074286,0.439327843814423,"no"
-1.63259012384656,3.39146279421968,"no"
-0.229570769127142,0.196331974371268,"no"
1.28617571005142,1.13640827330925,"no"
-1.30618666572916,-0.0247203571279426,"no"
-0.652807405287016,0.133504284053034,"no"
0.30102849824236,0.805068299519556,"no"
-0.192676665006658,-0.296876938118891,"no"
-1.11542972111171,3.59729010914125,"no"
-0.0483035617056062,-0.424561750707292,"no"
1.48642984316383,0.882781243289334,"no"
1.71545009509311,1.87740241276137,"no"
0.0179090342417252,0.170789336927545,"no"
-0.604040396113665,0.557778340584648,"no"
0.0683048383585732,0.796661773698782,"no"
-0.87960720957048,1.13483627481311,"no"
0.752307502957789,0.503557833751296,"no"
-0.203834034487342,0.436640942458426,"no"
-0.0120708204940466,-0.493783348214235,"no"
0.857598429147661,0.701736110418903,"no"
-1.06783605467347,1.17526517203476,"no"
0.84746381907347,1.31724922875393,"no"
-0.118720641396698,0.858076897740539,"no"
0.0141320063730145,-0.0277992673386461,"no"
0.354313144578716,-0.613823142929555,"no"
-0.450965992048087,3.26899052110332,"no"
-1.42633497513906,1.5166000365146,"no"
1.22066596914441,0.897810169187351,"no"
-0.730195214119975,0.916407894325558,"no"
-0.613031421598333,-0.086698842665334,"no"
-1.31606604854195,3.50785721175733,"no"
-0.718232283256827,0.40348563640291,"no"
0.619471561795012,0.495041807653082,"no"
-0.417474963819414,2.37754981762148,"no"
0.843550059508395,1.21477350341899,"no"
0.431949974622081,0.902583450479183,"no"
1.17403648201147,0.177880254575223,"no"
-1.45674072093819,2.47260894341381,"no"
-0.729860696607745,0.869839202034664,"no"
1.31197325763781,-0.0534589393834145,"no"
-0.252145763695357,0.00288716182149809,"no"
-0.716967688898225,3.99672543188614,"no"
-0.16824008895215,0.263358996553812,"no"
-0.458430525787629,0.540457011669228,"no"
-0.633088817409291,3.40762184313086,"no"
-0.481390180238999,0.617132687026446,"no"
-0.0938409679118936,-0.258385657654981,"no"
-0.924107594946121,3.34525570482958,"no"
-0.613654722219264,-1.00235862671973,"no"
-0.982580282348145,3.21505994064962,"no"
-0.895416678606431,3.69945445918077,"no"
-0.587871404138123,-0.808132916369191,"no"
-0.984681008848141,2.45378997586151,"no"
-0.671378377946125,-0.973362181005559,"no"
1.18124028427992,1.10157812076454,"no"
-0.836172804188438,1.30419885631635,"no"
-1.41543702101397,1.53315697024962,"no"
0.971788567813355,1.07533356062638,"no"
0.0494042025816645,-0.0581037989421466,"no"
0.225241782202495,2.98901799899759,"no"
1.22445795347877,1.43093624391972,"no"
-1.39568942481103,2.76599523082355,"no"
0.538614906590137,0.254035777860755,"no"
-0.667789683126465,1.36548415775122,"no"
0.487526246449653,0.766435228713776,"no"
0.550732003608986,0.456027957870725,"no"
-1.11430287198956,0.767833677649259,"no"
0.853707488115685,0.583092262847198,"no"
0.0308937285826268,-0.489310346816357,"no"
-0.582070147427593,-0.0351712670604245,"no"
-0.173600327690846,-0.0880853275961495,"no"
-0.922448471812254,0.181452399526418,"no"
-0.975056669688586,3.95937406617494,"no"
0.389878516772709,0.963151658591059,"no"
-1.12792631227489,4.23523975464807,"no"
-1.35387643492636,1.48298578882335,"no"
1.41381553767917,0.464838306371422,"no"
-1.20591212391895,1.32987999356687,"no"
-0.720571943452049,0.786571715296365,"no"
-0.428919261926613,1.39565086189508,"no"
0.994121278172764,0.955684116306461,"no"
-0.642604916519377,0.361114126450383,"no"
0.228862149994456,0.386914368784457,"no"
0.742017481610272,1.47401868842715,"no"
0.979614057516808,0.990334420435713,"no"
0.499722863288377,1.1449923494846,"no"
-0.820299004367529,-0.0408686899353119,"no"
-0.522060069378098,1.62757714481784,"no"
-0.56715386184936,0.407891204420533,"no"
-0.983275420224681,0.282960557942231,"no"
-1.19825727578589,1.1438308612575,"no"
-1.0176705997343,0.310340904855253,"no"
-0.335158106292183,0.433595813288806,"no"
-1.03378638260629,0.522944632951746,"no"
0.760689529460488,0.0398268338133727,"no"
-0.50740484856237,0.344910283401961,"no"
0.110665010165246,-0.162978884325055,"no"
-0.232531509311859,0.325605150452177,"no"
-0.842676317871428,4.40608575769339,"no"
-0.813400824994007,0.892970475283703,"no"
-0.799740999090651,0.00954857587291024,"no"
-0.549580565349837,-0.416620945040037,"no"
0.599093202966294,1.37930494945081,"no"
1.18025215687484,0.578658745105515,"no"
-0.448074165412069,-0.0160219103476885,"no"
-0.63066224624117,-0.110459652591495,"no"
-0.66320304488605,0.234908999060652,"no"
-1.12978195941055,0.194708480973916,"no"
-0.33951060115123,3.35640118993581,"no"
-0.506157525327955,-0.424522917924333,"no"
0.0946125466588894,0.220410019965947,"no"
-0.871460216054157,0.341962764958412,"no"
-1.04429643676604,1.63365868660355,"no"
1.58895708287996,1.3960177431073,"no"
1.46824581345689,1.37105540172739,"no"
-0.767943279178881,0.250993500282474,"no"
-1.10453690425323,1.53447899988951,"no"
0.585186532694406,0.595135541553483,"no"
0.217607799667614,-0.330294934387785,"no"
-0.461733385273371,1.83924695298381,"no"
-0.339787718428868,0.533665390234546,"no"
-0.428665314421497,0.103443757377694,"no"
0.383271347018036,0.417317954774246,"no"
-0.62269950074601,0.454908210369943,"no"
0.169040903938545,0.070692709671608,"no"
0.801532908222081,1.21156307787678,"no"
0.144377119983148,0.257181213819502,"no"
-2.04866971385741,1.01144493155968,"no"
-1.521711010269,0.365702224792382,"no"
-0.581485901350433,-0.483449074984927,"no"
0.794811406492774,1.35218033703618,"no"
0.745699151256076,1.06371318660126,"no"
0.0452417227288812,0.140727961877875,"no"
0.486075346060132,0.250594270814513,"no"
0.677261992299623,1.62617610058672,"no"
-0.670009279766869,2.7253866142707,"no"
0.731010706121091,1.40342918132964,"no"
0.63800574649513,1.66689240256632,"no"
-0.357573907838904,-0.244588353229693,"no"
-0.335867310791997,0.683256915964485,"no"
-1.19565941667761,3.71426730594817,"no"
-0.246398234820435,0.144074362386919,"no"
0.752775136892459,0.581617641062338,"no"
-0.800189333234781,0.808336683165455,"no"
-0.381597959967721,0.162522432786156,"no"
0.541093570867393,-0.195290750177543,"no"
0.816845735028083,0.821464265795949,"no"
-0.896154368221546,3.61538064092697,"no"
0.495117866653255,0.170116297480814,"no"
-0.897387696664523,1.04787916990023,"no"
0.151757601925022,-0.117653934124584,"no"
-1.09068576717959,-0.0225540456822075,"no"
-1.04263043084026,-0.0495009362968152,"no"
-0.247511462563951,-0.664120699625322,"no"
0.722178456763316,0.882253152799826,"no"
-0.426156603385645,0.691459302521038,"no"
-0.302608214549146,3.13848595376583,"no"
-0.589356408805987,-0.647822307332916,"no"
-1.43289279137981,2.96429230693106,"no"
-0.674507059249625,0.711208568308622,"no"
-0.354241649956531,1.21931143149221,"no"
-0.227276807610746,3.90992769739782,"no"
-0.730690723032046,0.929585621953953,"no"
-1.15277117344712,0.238192711556419,"no"
-0.535216833180246,0.147380759151733,"no"
-0.872753969788029,1.7424362758484,"no"
-0.46711472534219,1.35791463715667,"no"
0.577025119140929,0.764914956149208,"no"
-1.16917069939406,3.76354054579223,"no"
-0.640361723823434,0.386758848150092,"no"
-1.69871218735336,3.4948797433943,"no"
-1.00056739393267,0.151145126021904,"no"
-0.52060454151319,3.16506192241316,"no"
-0.778573618156899,0.50108901548255,"no"
-0.78999200519109,-0.837474184337377,"no"
0.89108430969903,0.739977437779697,"no"
-0.0697658949082621,0.292709262005163,"no"
0.950891661972299,1.12646108290386,"no"
-1.18610122553223,3.49266529616365,"no"
0.239901985801561,0.140564163258528,"no"
-0.0895040162257531,0.124391405889853,"no"
-0.20597348710712,3.3396474623919,"no"
-1.09292100453748,-0.400619458459383,"no"
0.179301971043673,-0.724740612330682,"no"
-1.21046040161626,3.98923717631998,"no"
0.89003468960174,0.0899268948462199,"no"
-0.644769847392488,0.288691847916175,"no"
1.43680889184512,0.448332520260126,"no"
0.319500870761465,0.0825960687696397,"no"
-0.224266876158433,-0.26774203265993,"no"
-0.201529117302603,1.66194371647202,"no"
0.710669200074515,0.569218356052528,"no"
-1.1766164971,4.11729457572819,"no"
-0.536787306012783,1.15811080059201,"no"
1.40334158627721,0.649448946799321,"no"
0.839563528045075,1.30517931526617,"no"
0.262615913761817,1.18036678989169,"no"
0.283519015915313,0.502731696911139,"no"
-0.681682383360342,3.33261094810382,"no"
-0.510006935812632,0.577770037961674,"no"
-0.680664801201353,0.0289651011134266,"no"
-0.345759421455745,-0.35670037705539,"no"
0.553962738016675,-0.452344941219041,"no"
-0.932516487282305,0.0408926793386557,"no"
-1.28220484514347,0.832545610133143,"no"
-0.633434418529187,1.33241577478664,"no"
-0.224030065117913,-0.362756159247818,"no"
-0.301265573491528,-0.0707041618434962,"no"
-0.900348771211801,-0.522440878555013,"no"
-0.298053005795586,-0.608765693539409,"no"
0.339778246178111,0.688936747462186,"no"
-0.410430547162845,3.975162286428,"no"
-0.36055425911758,3.93435356851312,"no"
0.0578404935552249,0.503524272393762,"no"
-0.465568391254964,0.338246390516422,"no"
1.16673928466952,0.59424294741807,"no"
1.1379149550424,0.305730910224417,"no"
-0.675398250058032,-0.542824509937984,"no"
0.583910737836314,0.586808506858129,"no"
0.144933814906118,2.89945017183038,"no"
-0.880633415331043,0.890159803335241,"no"
-0.824320798390259,2.65182901894469,"no"
0.708426061139578,0.380184842894351,"no"
-0.0212851237252058,0.163393970787847,"no"
0.0471598256897569,0.309375228677984,"no"
-0.0985132089219802,0.780008293590575,"no"
-1.031398744369,-0.102229320737678,"no"
-0.749476970047706,2.96994184501404,"no"
-0.544835886434522,0.76403996291602,"no"
-0.343162182059785,-0.0970581398297044,"no"
-0.257634330823088,0.681625210491116,"no"
-0.838306523241108,0.788321455980881,"no"
-0.657890242541772,1.42778873171124,"no"
-0.519817639635833,0.79087312971467,"no"
-0.422344382780512,3.62138893315769,"no"
-0.802418971053516,3.0607419142212,"no"
-0.139256776332494,-0.66475590443681,"no"
-1.38401603544323,-0.113514288246403,"no"
-1.38832210948449,1.19674946696337,"no"
-0.0502099899768824,0.827574312562776,"no"
0.844475972281092,1.22555201493642,"no"
-1.20878804217266,-0.683363133387405,"no"
0.0441846434182597,0.82854264329796,"no"
-0.577028765490275,0.585835887613859,"no"
-0.430599316813769,0.236409789572418,"no"
-0.25358496241246,0.853497834098405,"no"
-0.863418918247383,-0.660184613169468,"no"
-1.35809486156927,0.0406847856736995,"no"
1.33734803838749,0.123703167064437,"no"
-1.18185309462151,0.385642635977212,"no"
-0.629791664659525,1.28028377471518,"no"
-0.896167522116624,-0.11937680072047,"no"
-1.13192520092089,0.309867130964059,"no"
0.759243108545057,0.511710332960066,"no"
1.26902277935808,0.641779131091746,"no"
-0.117121305067289,-0.15215937510979,"no"
-0.435288175618742,0.214213098772154,"no"
-0.190064616541347,-0.0894819089074864,"no"
-0.0174544560296926,0.240215073406451,"no"
0.409801101133035,-0.535372381026003,"no"
-0.961612342928654,1.26621318934454,"no"
-0.954543139145795,3.87218388115798,"no"
0.765388832891029,0.739477150417914,"no"
-0.934705558382345,3.36453673515628,"no"
-0.796755217747195,2.83880805884166,"no"
-1.03631698187057,3.88970096841858,"no"
-0.0599233109615817,1.19446602926057,"no"
-1.19964700698643,0.729000653722774,"no"
0.036024717174697,-0.0149029407881533,"no"
-0.601532575095244,1.56179943465291,"no"
-0.129825567518859,0.602800388895629,"no"
-1.12521740840248,-0.508129086156129,"no"
-0.656241163036219,-0.323655254255251,"no"
-0.360908872833416,1.3797830009491,"no"
-0.503587658834598,-0.329671484578394,"no"
0.21187322887124,0.615777746087315,"no"
-1.50033064958962,3.09736043126142,"no"
-0.634949139393302,0.0855721548554375,"no"
-0.610885028615437,3.96663808994675,"no"
1.08323149256923,-0.0493004047191147,"no"
-0.836652000058364,0.361210273507804,"no"
-0.590468122503149,-0.132189042331641,"no"
-0.398848001209744,3.37085974078412,"no"
-0.0768328636514793,-0.0499957048979675,"no"
-0.184269445268731,-0.166947132492281,"no"
-0.248885002766496,0.196700829612157,"no"
0.908673682584438,1.48871635607737,"no"
-0.786026119309516,1.2313430676685,"no"
-0.0411332526784119,0.193329976837678,"no"
-0.89754455715292,0.409411800227561,"no"
-0.274765396156524,0.129364985303229,"no"
-0.211184044466953,-0.545117836900563,"no"
-0.806609359398044,1.02713764391002,"no"
-1.56985669186342,0.773255066906808,"no"
-1.08253158098452,-0.391077482798771,"no"
-0.929292068986039,3.2036528726569,"no"
-0.148014130824408,-0.453735862275986,"no"
-0.862800699410913,0.10562705073642,"no"
-1.30773158933456,-0.0739103388150741,"no"
-0.621527066796713,-0.33803136403373,"no"
0.713253522932096,0.155659252928945,"no"
-1.18670305834666,3.23936862601246,"no"
-0.986168494400692,0.735310000771886,"no"
-0.00162336619060444,0.949145825743099,"no"
0.410134595531053,0.778950961946952,"no"
-0.490186810131914,0.268801214949381,"no"
-0.527352814721709,-0.252079142555424,"no"
0.515707165177033,1.35453403219198,"no"
-0.484247027760275,-0.425195470726407,"no"
-1.6737077011781,3.62250358714218,"no"
1.08763035314373,1.37354793471567,"no"
-0.349105837213623,4.42550860020473,"no"
-1.0865853051804,-0.457155131631416,"no"
-1.14822756102677,-0.262567617204244,"no"
-0.133750703018757,0.184872718792929,"no"
1.39481219376445,0.279749870836379,"no"
0.954315497632566,1.10567769620101,"no"
-0.441691344124983,0.632209239389457,"no"
-0.88567872558429,0.366790248134821,"no"
-0.70670104487595,1.24736148162828,"no"
0.253990243729533,1.26395898413545,"no"
-0.187443958188064,0.147603663056988,"no"
-0.992468919041882,4.12101126385729,"no"
-0.92519959312212,3.59960565688868,"no"
-0.724945022489769,-0.0766834511692546,"no"
-1.92786343115404,0.623073463839352,"no"
0.016840552522646,-0.0505475745566517,"no"
-1.05377798836636,-0.694132411532843,"no"
1.11685251019307,0.431938298087254,"no"
0.678035725889271,0.550042216634397,"no"
-0.352163249427189,3.47251645957986,"no"
-1.33869579663417,3.54517292369021,"no"
1.24488560136621,0.847064980946166,"no"
-0.838084770703687,0.720820527042133,"no"
-0.293140467087897,-0.17838290676472,"no"
-0.461385630731552,0.381298405230915,"no"
-0.0329087696356112,-0.75348203780635,"no"
-1.15630606059143,0.294983398529565,"no"
1.2270529728583,0.494164681571158,"no"
-0.349696036539749,-0.668786005368614,"no"
-0.68398409978143,0.460119830516586,"no"
-0.421992704316332,0.340072019026913,"no"
-1.2177983836331,1.12710044391629,"no"
-1.16477776454942,0.0131390690254425,"no"
0.501980925342753,0.103039853570118,"no"
-1.17358474458677,1.94225149246852,"no"
-1.0581211646291,3.19712415459238,"no"
-1.01402493512985,0.748822707211849,"no"
0.607427124312144,0.907918909354963,"no"
-0.582678805824274,0.405179614115605,"no"
-0.176398413815595,0.200565239873254,"no"
0.900061118692137,0.99551739683134,"no"
-0.339029147766929,3.36664284534953,"no"
-0.75783537989318,0.259809378878515,"no"
-1.24597013575873,1.23469748262958,"no"
-1.50548468857759,3.38661694849781,"no"
-0.939115648681037,1.44259102709616,"no"
-0.31627960182978,-0.150069144427436,"no"
-0.0553632339094542,0.136598477303195,"no"
0.985184463512283,1.41663650031423,"no"
-0.644568757403018,1.57663601706275,"no"
0.890541468928049,1.17435531224603,"no"
-0.429861225231442,3.11941921203546,"no"
-0.640983351731924,-0.565838197589661,"no"
-0.885932808515934,3.09457038248492,"no"
-0.970522216246716,3.14513877890729,"no"
-0.680049068607439,-0.144526838926061,"no"
-1.11364181595316,3.22066759462162,"no"
1.56954222729096,0.465645884207667,"no"
-0.373122530566312,0.706390483805712,"no"
-0.373316886910173,-0.318606452310362,"no"
0.478327751768589,1.08896564031009,"no"
-0.599710821150081,-0.584912273351587,"no"
-0.512611149877637,3.15491771190202,"no"
1.0223195220154,1.05091278658465,"no"
-1.37939002874346,3.11363893261693,"no"
1.66145996030775,1.16676211291666,"no"
-1.47947288701823,3.27506179388938,"no"
-1.34927472023583,3.88295556272311,"no"
0.956412520592233,0.759580886155555,"no"
1.41156265126276,1.38685665446941,"no"
-1.86307339492179,3.70915576277019,"no"
-0.689853996868122,0.404939981208184,"no"
-1.15271549500844,1.34523949170439,"no"
-0.864387552260201,0.142534760728958,"no"
-1.03000699149098,0.0360696952190388,"no"
0.0961565738833322,3.95854492219621,"no"
1.35692789938846,0.424186710627472,"no"
-0.250872226246084,3.79979741611396,"no"
-0.756889438573098,-0.0595939579243362,"no"
-0.7496509124884,0.371971403010839,"no"
-0.863822857182319,-0.151467985461564,"no"
0.455314205118672,1.21424111613377,"no"
-1.14999342062604,-0.54729867722348,"no"
-1.19737210312288,-0.193719994806647,"no"
1.0880950693997,0.28040035129075,"no"
0.151686015697257,0.181208379406137,"no"
-0.711496547882987,0.115143299902166,"no"
-0.32666590986183,0.166030190873953,"no"
-0.723460327300738,3.41792471746242,"no"
-0.606410189965969,1.01214990956935,"no"
-0.616307148274128,-0.582587980338935,"no"
0.0697968813445014,-0.262673114483773,"no"
-0.102374310939149,-0.263697954097856,"no"
0.0547951680175514,-0.315635628718417,"no"
0.733554895695442,0.851471560628222,"no"
-0.459354557352658,0.31093226862591,"no"
0.206086952298981,0.462362494023735,"no"
-0.557360234180548,0.049789073083801,"no"
-1.29220841272836,0.234433922116882,"no"
-0.216541472116708,0.775164329273214,"no"
-1.04854127505459,0.50543029122668,"no"
-0.454638023933653,-0.363767786939837,"no"
-1.37613602226071,3.05260439737522,"no"
-0.893941154433074,3.60634045629623,"no"
-0.24182568352455,0.377557443975195,"no"
0.904449368601777,0.355197027588141,"no"
-0.643029452028781,1.18519442820986,"no"
-0.994192666654816,0.967144007865311,"no"
-0.589435159812626,0.235768982499371,"no"
-1.07443885551421,0.141776324233299,"no"
-0.199478782836319,0.337949170666427,"no"
-1.11673762917393,3.81764790276388,"no"
0.369696976117426,3.20295646611663,"no"
-0.493679931218973,2.69968188759751,"no"
-0.87779510676012,0.0169955858296483,"no"
-1.23011206364139,0.269172786254847,"no"
-0.130811763208392,2.64974962799998,"no"
-0.123872031875791,0.558441712156148,"no"
-1.31876796489774,0.529398564796978,"no"
1.02275312120955,0.713587287611396,"no"
-0.504901292158364,-0.12709490415656,"no"
0.590478351678118,1.04497285219734,"no"
0.548015984736796,0.761213731735893,"no"
-1.02272685391283,1.44398468524406,"no"
1.54244279561837,0.653302499517735,"no"
-0.135990792284873,0.802264720483172,"no"
1.19010128458113,1.11777390797572,"no"
-0.383808421597572,0.927987393544575,"no"
-1.22285079481776,1.41315905851539,"no"
-0.567733699193567,0.0274144948104253,"no"
-0.86182797053111,-0.941923717662165,"no"
